census_date,facility,mrn,visit,location,patient,admitted_local
2026-03-09,MERCY,188575240,V48064371,SURG2,"Garcia, Chlo\XC3A9\",2026-03-09 10:54
2026-03-09,MERCY,242171134,V43621469,ICU,"Patel, Elena",2026-03-09 05:25
2026-03-09,MERCY,258112206,V36935298,MED3,"Nguyen, Noah",2026-03-09 11:48
2026-03-09,MERCY,305505,V20230525,ICU,"Patel, Ingrid",2026-03-09 19:24
2026-03-09,MERCY,309114,V69626210,ED,"Okafor, Grace",2026-03-09 23:48
2026-03-09,MERCY,339017,V88675383,ED,"O\X27\Brien, Grace",2026-03-09 13:03
2026-03-09,MERCY,493311,V18928485,MED3,"Lindqvist, S\XC3B8\ren",2026-03-09 08:28
2026-03-09,MERCY,565263062,V19752916,SURG2,"Kowalski, Jos\XC3A9\",2026-03-09 12:52
2026-03-09,MERCY,678228362,V74792520,ONC,"Ivanova, Mei",2026-03-08 20:51
2026-03-09,MERCY,684803,V66922241,ORTHO,"D\X27\Angelo, Owen",2026-03-09 13:05
2026-03-09,MERCY,854247,V83639135,OBS,"Chen, Grace",2026-03-09 12:27
2026-03-09,MERCY,897142,V31472515,CCU,"Garcia, Mei",2026-03-07 22:14
2026-03-09,MERCY,947469,V99147448,OBS,"Patel, Noah",2026-03-07 16:35
2026-03-09,MERCY,948554,V48453759,MED3,"Fern\XC3A1\ndez, Liam",2026-03-09 05:52
2026-03-09,MERCY,959332,V52117745,OBS,"Fern\XC3A1\ndez, Mei",2026-03-09 08:21
2026-03-09,RVW,100246,V28197901,ICU,"Patel, Ren\XC3A9\",2026-03-07 00:10
2026-03-09,RVW,174479,V50131061,MED3,"Smith, S\XC3B8\ren",2026-03-07 00:45
2026-03-09,RVW,268713,V59719085,OBS,"Fern\XC3A1\ndez, S\XC3B8\ren",2026-03-09 05:52
2026-03-09,RVW,328086015,V63238037,CCU,"Smith, Elena",2026-03-09 16:52
2026-03-09,RVW,369865264,V80375751,CCU,"O\X27\Brien, Fatima",2026-03-09 08:45
2026-03-09,RVW,376988,V34912181,ONC,"Ryan, Chlo\XC3A9\",2026-03-09 14:52
2026-03-09,RVW,489162657,V31661921,OBS,"Garcia, Mei",2026-03-09 11:43
2026-03-09,RVW,623585,V81670174,SURG2,"Nguyen, Zo\XC3AB\",2026-03-08 18:26
2026-03-09,RVW,637914429,V60639400,MED3,"Ryan, Tom\XC3A1\s",2026-03-09 15:16
2026-03-09,RVW,714927,V48937981,OBS,"Patel, Priya",2026-03-08 02:19
2026-03-09,RVW,726194,V95089170,ED,"O\X27\Brien, Liam",2026-03-09 15:12
2026-03-09,RVW,793059,V65807668,ONC,"Sch\XC3A4\fer, Owen",2026-03-09 09:09
2026-03-09,RVW,797798,V94981563,ICU,"Haddad, Grace",2026-03-09 11:52
2026-03-09,RVW,865252,V84661652,ED,"Patel, Fatima",2026-03-09 12:38
2026-03-09,RVW,888455,V74279320,ED,"Fern\XC3A1\ndez, Mei",2026-03-06 12:32
2026-03-09,RVW,937652,V25136141,SURG2,"Okafor, Liam",2026-03-09 19:30
2026-03-09,SLH,149093757,V42850097,CCU,"Dubois, Fatima",2026-03-09 14:31
2026-03-09,SLH,176120,V78299355,ICU,"Fern\XC3A1\ndez, Fatima",2026-03-07 13:47
2026-03-09,SLH,247179847,V63592259,ED,"M\XC3BC\ller, Ren\XC3A9\",2026-03-09 22:52
2026-03-09,SLH,297578,V16686495,SURG2,"Okafor, Chlo\XC3A9\",2026-03-09 17:41
2026-03-09,SLH,305308350,V46821869,ORTHO,"Sch\XC3A4\fer, Owen",2026-03-07 05:01
2026-03-09,SLH,325572,V38879809,ICU,"Lindqvist, Grace",2026-03-09 06:01
2026-03-09,SLH,338288,V67854587,OBS,"Patel, Jos\XC3A9\",2026-03-08 15:12
2026-03-09,SLH,355744,V39402014,OBS,"Baker, S\XC3B8\ren",2026-03-09 06:47
2026-03-09,SLH,380640,V31240159,MED3,"M\XC3BC\ller, Kwame",2026-03-09 02:44
2026-03-09,SLH,416502,V67756501,ORTHO,"Kowalski, Ingrid",2026-03-09 13:04
2026-03-09,SLH,435606073,V87770626,MED3,"Sch\XC3A4\fer, Fatima",2026-03-07 06:17
2026-03-09,SLH,521418,V90647447,ONC,"Patel, Ren\XC3A9\",2026-03-09 13:06
2026-03-09,SLH,551222765,V25588867,CCU,"Dubois, Ingrid",2026-03-06 14:47
2026-03-09,SLH,562392,V10881433,MED3,"Ryan, Grace",2026-03-09 20:42
2026-03-09,SLH,586793269,V58161034,ICU,"Baker, Yusuf",2026-03-09 15:55
2026-03-09,SLH,605613,V21255448,OBS,"Ivanova, Chlo\XC3A9\",2026-03-09 13:13
2026-03-09,SLH,746188,V89100347,ONC,"Dubois, Grace",2026-03-07 18:28
2026-03-09,SLH,782077,V80534957,OBS,"Ryan, Liam",2026-03-06 21:07
2026-03-09,SLH,851709,V42888332,OBS,"Fern\XC3A1\ndez, Zo\XC3AB\",2026-03-09 16:19
2026-03-09,SLH,899201,V81558914,MED3,"O\X27\Brien, Ingrid",2026-03-06 00:20
2026-03-09,SLH,930324,V81262287,ORTHO,"Haddad, Ren\XC3A9\",2026-03-09 01:06
2026-03-10,MERCY,166867,V42698205,ORTHO,"Fern\XC3A1\ndez, Fatima",2026-03-10 06:32
2026-03-10,MERCY,188575240,V48064371,SURG2,"Garcia, Chlo\XC3A9\",2026-03-09 10:54
2026-03-10,MERCY,196178,V79292635,ICU,"Ivanova, Fatima",2026-03-10 07:53
2026-03-10,MERCY,206472,V78061374,ORTHO,"Dubois, Mei",2026-03-10 07:50
2026-03-10,MERCY,211776322,V48601444,ICU,"Kowalski, Chlo\XC3A9\",2026-03-10 16:43
2026-03-10,MERCY,224444176,V65889893,CCU,"Baker, Ren\XC3A9\",2026-03-10 19:02
2026-03-10,MERCY,242171134,V43621469,ICU,"Patel, Elena",2026-03-09 05:25
2026-03-10,MERCY,248048,V52571783,ICU,"Dubois, Zo\XC3AB\",2026-03-10 09:03
2026-03-10,MERCY,258112206,V36935298,MED3,"Nguyen, Noah",2026-03-09 11:48
2026-03-10,MERCY,263744,V75542003,ONC,"Okafor, Mei",2026-03-10 14:37
2026-03-10,MERCY,305505,V20230525,ICU,"Patel, Ingrid",2026-03-09 19:24
2026-03-10,MERCY,309114,V69626210,ED,"Okafor, Grace",2026-03-09 23:48
2026-03-10,MERCY,325010,V19623478,MED3,"D\X27\Angelo, Kwame",2026-03-10 00:22
2026-03-10,MERCY,333924677,V19951251,ICU,"M\XC3BC\ller, Kwame",2026-03-10 12:01
2026-03-10,MERCY,339017,V88675383,ED,"O\X27\Brien, Grace",2026-03-09 13:03
2026-03-10,MERCY,421939495,V18804982,ORTHO,"Dubois, Ren\XC3A9\",2026-03-10 03:34
2026-03-10,MERCY,435833,V71737133,MED3,"Kowalski, Liam",2026-03-10 02:29
2026-03-10,MERCY,463005,V22665862,ONC,"Dubois, Owen",2026-03-10 21:37
2026-03-10,MERCY,493311,V18928485,MED3,"Lindqvist, S\XC3B8\ren",2026-03-09 08:28
2026-03-10,MERCY,565263062,V19752916,SURG2,"Kowalski, Jos\XC3A9\",2026-03-09 12:52
2026-03-10,MERCY,591429405,V46812180,ONC,"Garcia, Noah",2026-03-10 11:03
2026-03-10,MERCY,603910749,V40607263,ED,"Kowalski, Priya",2026-03-10 05:19
2026-03-10,MERCY,678228362,V74792520,ONC,"Ivanova, Mei",2026-03-08 20:51
2026-03-10,MERCY,684467839,V80370368,ED,"Sch\XC3A4\fer, Priya",2026-03-10 11:23
2026-03-10,MERCY,684803,V66922241,ORTHO,"D\X27\Angelo, Owen",2026-03-09 13:05
2026-03-10,MERCY,763014,V59674931,MED3,"Okafor, Chlo\XC3A9\",2026-03-10 01:09
2026-03-10,MERCY,790209578,V83679138,ONC,"Baker, Yusuf",2026-03-10 20:59
2026-03-10,MERCY,834852020,V54579186,CCU,"Dubois, Liam",2026-03-10 11:00
2026-03-10,MERCY,854247,V83639135,OBS,"Chen, Grace",2026-03-09 12:27
2026-03-10,MERCY,897142,V31472515,CCU,"Garcia, Mei",2026-03-07 22:14
2026-03-10,MERCY,947469,V99147448,OBS,"Patel, Noah",2026-03-07 16:35
2026-03-10,MERCY,948554,V48453759,MED3,"Fern\XC3A1\ndez, Liam",2026-03-09 05:52
2026-03-10,MERCY,959332,V52117745,OBS,"Fern\XC3A1\ndez, Mei",2026-03-09 08:21
2026-03-10,RVW,100246,V28197901,ICU,"Patel, Ren\XC3A9\",2026-03-07 00:10
2026-03-10,RVW,156124,V67617044,SURG2,"Fern\XC3A1\ndez, Ren\XC3A9\",2026-03-10 10:45
2026-03-10,RVW,174479,V50131061,MED3,"Smith, S\XC3B8\ren",2026-03-07 00:45
2026-03-10,RVW,181944820,V72874626,MED3,"Haddad, Ren\XC3A9\",2026-03-10 18:05
2026-03-10,RVW,207868,V71349835,ICU,"Sch\XC3A4\fer, Ren\XC3A9\",2026-03-10 20:59
2026-03-10,RVW,286652231,V48576665,ORTHO,"Haddad, Priya",2026-03-10 16:39
2026-03-10,RVW,297005,V51372344,ICU,"Lindqvist, Liam",2026-03-10 06:04
2026-03-10,RVW,328086015,V63238037,CCU,"Smith, Elena",2026-03-09 16:52
2026-03-10,RVW,369865264,V80375751,CCU,"O\X27\Brien, Fatima",2026-03-09 08:45
2026-03-10,RVW,376988,V34912181,ONC,"Ryan, Chlo\XC3A9\",2026-03-09 14:52
2026-03-10,RVW,460294258,V46017956,ICU,"Okafor, Chlo\XC3A9\",2026-03-10 00:13
2026-03-10,RVW,478249,V61083481,ORTHO,"Smith, Noah",2026-03-10 09:39
2026-03-10,RVW,486508868,V42733812,CCU,"Sch\XC3A4\fer, Mei",2026-03-10 11:01
2026-03-10,RVW,520637838,V91654802,MED3,"Sch\XC3A4\fer, Owen",2026-03-10 13:05
2026-03-10,RVW,567220,V32685503,SURG2,"Haddad, Fatima",2026-03-10 01:21
2026-03-10,RVW,595062,V39566901,MED3,"D\X27\Angelo, Fatima",2026-03-10 08:55
2026-03-10,RVW,596441,V61405021,MED3,"O\X27\Brien, Jos\XC3A9\",2026-03-10 22:20
2026-03-10,RVW,623585,V81670174,SURG2,"Nguyen, Zo\XC3AB\",2026-03-08 18:26
2026-03-10,RVW,630216,V56735031,ICU,"Patel, Ingrid",2026-03-10 05:10
2026-03-10,RVW,637914429,V60639400,MED3,"Ryan, Tom\XC3A1\s",2026-03-09 15:16
2026-03-10,RVW,714927,V48937981,OBS,"Patel, Priya",2026-03-08 02:19
2026-03-10,RVW,726194,V95089170,ED,"O\X27\Brien, Liam",2026-03-09 15:12
2026-03-10,RVW,793059,V65807668,ONC,"Sch\XC3A4\fer, Owen",2026-03-09 09:09
2026-03-10,RVW,797798,V94981563,ICU,"Haddad, Grace",2026-03-09 11:52
2026-03-10,RVW,852092,V11325684,MED3,"Patel, Kwame",2026-03-10 22:19
2026-03-10,RVW,865252,V84661652,ED,"Patel, Fatima",2026-03-09 12:38
2026-03-10,RVW,888455,V74279320,ED,"Fern\XC3A1\ndez, Mei",2026-03-06 12:32
2026-03-10,RVW,905206,V13039651,ORTHO,"Dubois, Jos\XC3A9\",2026-03-10 07:52
2026-03-10,RVW,923779,V28323021,ED,"Ivanova, Grace",2026-03-10 01:40
2026-03-10,RVW,937652,V25136141,SURG2,"Okafor, Liam",2026-03-09 19:30
2026-03-10,RVW,977714,V88632703,MED3,"M\XC3BC\ller, Yusuf",2026-03-10 17:17
2026-03-10,RVW,986427,V67933928,ORTHO,"Patel, Priya",2026-03-10 15:43
2026-03-10,SLH,149093757,V42850097,CCU,"Dubois, Fatima",2026-03-09 14:31
2026-03-10,SLH,176120,V78299355,ICU,"Fern\XC3A1\ndez, Fatima",2026-03-07 13:47
2026-03-10,SLH,205505,V81382744,ONC,"Ryan, Chlo\XC3A9\",2026-03-10 21:29
2026-03-10,SLH,247179847,V63592259,ED,"M\XC3BC\ller, Ren\XC3A9\",2026-03-09 22:52
2026-03-10,SLH,297578,V16686495,SURG2,"Okafor, Chlo\XC3A9\",2026-03-09 17:41
2026-03-10,SLH,314796,V47800503,CCU,"Chen, Tom\XC3A1\s",2026-03-10 18:56
2026-03-10,SLH,325572,V38879809,ICU,"Lindqvist, Grace",2026-03-09 06:01
2026-03-10,SLH,338288,V67854587,OBS,"Patel, Jos\XC3A9\",2026-03-08 15:12
2026-03-10,SLH,355744,V39402014,OBS,"Baker, S\XC3B8\ren",2026-03-09 06:47
2026-03-10,SLH,380640,V31240159,MED3,"M\XC3BC\ller, Kwame",2026-03-09 02:44
2026-03-10,SLH,416502,V67756501,ORTHO,"Kowalski, Ingrid",2026-03-09 13:04
2026-03-10,SLH,435606073,V87770626,MED3,"Sch\XC3A4\fer, Fatima",2026-03-07 06:17
2026-03-10,SLH,437765,V95411893,CCU,"Smith, Ingrid",2026-03-10 16:00
2026-03-10,SLH,515105761,V16852431,SURG2,"Lindqvist, Chlo\XC3A9\",2026-03-10 04:13
2026-03-10,SLH,521418,V90647447,ONC,"Patel, Ren\XC3A9\",2026-03-09 13:06
2026-03-10,SLH,551222765,V25588867,CCU,"Dubois, Ingrid",2026-03-06 14:47
2026-03-10,SLH,562392,V10881433,MED3,"Ryan, Grace",2026-03-09 20:42
2026-03-10,SLH,573587,V69920620,OBS,"Patel, Ana",2026-03-10 14:04
2026-03-10,SLH,586793269,V58161034,ICU,"Baker, Yusuf",2026-03-09 15:55
2026-03-10,SLH,605613,V21255448,OBS,"Ivanova, Chlo\XC3A9\",2026-03-09 13:13
2026-03-10,SLH,630294,V63896120,MED3,"D\X27\Angelo, Priya",2026-03-10 02:35
2026-03-10,SLH,651192,V97122883,SURG2,"Fern\XC3A1\ndez, Elena",2026-03-10 22:28
2026-03-10,SLH,693621,V46136641,ED,"Ryan, Jos\XC3A9\",2026-03-10 16:13
2026-03-10,SLH,727888071,V94879951,CCU,"Garcia, Mei",2026-03-10 03:39
2026-03-10,SLH,746188,V89100347,ONC,"Dubois, Grace",2026-03-07 18:28
2026-03-10,SLH,782077,V80534957,OBS,"Ryan, Liam",2026-03-06 21:07
2026-03-10,SLH,837766391,V39915041,ED,"Nguyen, Grace",2026-03-10 07:19
2026-03-10,SLH,851709,V42888332,OBS,"Fern\XC3A1\ndez, Zo\XC3AB\",2026-03-09 16:19
2026-03-10,SLH,899201,V81558914,MED3,"O\X27\Brien, Ingrid",2026-03-06 00:20
2026-03-10,SLH,930324,V81262287,ORTHO,"Haddad, Ren\XC3A9\",2026-03-09 01:06
2026-03-11,MERCY,135922,V99380491,MED3,"O\X27\Brien, Liam",2026-03-11 01:59
2026-03-11,MERCY,166867,V42698205,ORTHO,"Fern\XC3A1\ndez, Fatima",2026-03-10 06:32
2026-03-11,MERCY,188575240,V48064371,SURG2,"Garcia, Chlo\XC3A9\",2026-03-09 10:54
2026-03-11,MERCY,196178,V79292635,ICU,"Ivanova, Fatima",2026-03-10 07:53
2026-03-11,MERCY,206472,V78061374,ORTHO,"Dubois, Mei",2026-03-10 07:50
2026-03-11,MERCY,211776322,V48601444,ICU,"Kowalski, Chlo\XC3A9\",2026-03-10 16:43
2026-03-11,MERCY,224444176,V65889893,CCU,"Baker, Ren\XC3A9\",2026-03-10 19:02
2026-03-11,MERCY,242171134,V43621469,ICU,"Patel, Elena",2026-03-09 05:25
2026-03-11,MERCY,248048,V52571783,ICU,"Dubois, Zo\XC3AB\",2026-03-10 09:03
2026-03-11,MERCY,258112206,V36935298,MED3,"Nguyen, Noah",2026-03-09 11:48
2026-03-11,MERCY,263744,V75542003,ONC,"Okafor, Mei",2026-03-10 14:37
2026-03-11,MERCY,305505,V20230525,ICU,"Patel, Ingrid",2026-03-09 19:24
2026-03-11,MERCY,309114,V69626210,ED,"Okafor, Grace",2026-03-09 23:48
2026-03-11,MERCY,325010,V19623478,MED3,"D\X27\Angelo, Kwame",2026-03-10 00:22
2026-03-11,MERCY,333924677,V19951251,ICU,"M\XC3BC\ller, Kwame",2026-03-10 12:01
2026-03-11,MERCY,339017,V88675383,ED,"O\X27\Brien, Grace",2026-03-09 13:03
2026-03-11,MERCY,421939495,V18804982,ORTHO,"Dubois, Ren\XC3A9\",2026-03-10 03:34
2026-03-11,MERCY,435833,V71737133,MED3,"Kowalski, Liam",2026-03-10 02:29
2026-03-11,MERCY,463005,V22665862,ONC,"Dubois, Owen",2026-03-10 21:37
2026-03-11,MERCY,493311,V18928485,MED3,"Lindqvist, S\XC3B8\ren",2026-03-09 08:28
2026-03-11,MERCY,549308,V63481678,OBS,"Okafor, Chlo\XC3A9\",2026-03-11 06:32
2026-03-11,MERCY,565263062,V19752916,SURG2,"Kowalski, Jos\XC3A9\",2026-03-09 12:52
2026-03-11,MERCY,587585,V33307863,ONC,"Patel, Owen",2026-03-11 15:06
2026-03-11,MERCY,603910749,V40607263,ED,"Kowalski, Priya",2026-03-10 05:19
2026-03-11,MERCY,671622560,V38001486,SURG2,"Kowalski, Elena",2026-03-11 06:48
2026-03-11,MERCY,675185978,V74445750,MED3,"Haddad, Jos\XC3A9\",2026-03-11 05:28
2026-03-11,MERCY,678228362,V74792520,ONC,"Ivanova, Mei",2026-03-08 20:51
2026-03-11,MERCY,684467839,V80370368,ED,"Sch\XC3A4\fer, Priya",2026-03-10 11:23
2026-03-11,MERCY,684803,V66922241,ORTHO,"D\X27\Angelo, Owen",2026-03-09 13:05
2026-03-11,MERCY,763014,V59674931,MED3,"Okafor, Chlo\XC3A9\",2026-03-10 01:09
2026-03-11,MERCY,790209578,V83679138,ONC,"Baker, Yusuf",2026-03-10 20:59
2026-03-11,MERCY,834852020,V54579186,CCU,"Dubois, Liam",2026-03-10 11:00
2026-03-11,MERCY,854247,V83639135,OBS,"Chen, Grace",2026-03-09 12:27
2026-03-11,MERCY,897142,V31472515,CCU,"Garcia, Mei",2026-03-07 22:14
2026-03-11,MERCY,925237,V99341218,CCU,"Ivanova, Grace",2026-03-11 17:54
2026-03-11,MERCY,925311,V99320266,OBS,"Okafor, Jos\XC3A9\",2026-03-11 21:31
2026-03-11,MERCY,947469,V99147448,OBS,"Patel, Noah",2026-03-07 16:35
2026-03-11,MERCY,948554,V48453759,MED3,"Fern\XC3A1\ndez, Liam",2026-03-09 05:52
2026-03-11,MERCY,959332,V52117745,OBS,"Fern\XC3A1\ndez, Mei",2026-03-09 08:21
2026-03-11,RVW,100246,V28197901,ICU,"Patel, Ren\XC3A9\",2026-03-07 00:10
2026-03-11,RVW,156124,V67617044,SURG2,"Fern\XC3A1\ndez, Ren\XC3A9\",2026-03-10 10:45
2026-03-11,RVW,174479,V50131061,MED3,"Smith, S\XC3B8\ren",2026-03-07 00:45
2026-03-11,RVW,181944820,V72874626,MED3,"Haddad, Ren\XC3A9\",2026-03-10 18:05
2026-03-11,RVW,182529033,V63199378,MED3,"Lindqvist, Chlo\XC3A9\",2026-03-11 03:23
2026-03-11,RVW,207868,V71349835,ICU,"Sch\XC3A4\fer, Ren\XC3A9\",2026-03-10 20:59
2026-03-11,RVW,219595,V95225032,OBS,"D\X27\Angelo, Liam",2026-03-11 02:18
2026-03-11,RVW,286652231,V48576665,ORTHO,"Haddad, Priya",2026-03-10 16:39
2026-03-11,RVW,297005,V51372344,ICU,"Lindqvist, Liam",2026-03-10 06:04
2026-03-11,RVW,320878,V49847925,ICU,"Dubois, Elena",2026-03-11 19:17
2026-03-11,RVW,328086015,V63238037,CCU,"Smith, Elena",2026-03-09 16:52
2026-03-11,RVW,369865264,V80375751,CCU,"O\X27\Brien, Fatima",2026-03-09 08:45
2026-03-11,RVW,376988,V34912181,ONC,"Ryan, Chlo\XC3A9\",2026-03-09 14:52
2026-03-11,RVW,451940949,V57547469,ORTHO,"Ryan, Kwame",2026-03-11 06:02
2026-03-11,RVW,460294258,V46017956,ICU,"Okafor, Chlo\XC3A9\",2026-03-10 00:13
2026-03-11,RVW,472405728,V63017614,CCU,"O\X27\Brien, Kwame",2026-03-11 22:18
2026-03-11,RVW,478249,V61083481,ORTHO,"Smith, Noah",2026-03-10 09:39
2026-03-11,RVW,486508868,V42733812,CCU,"Sch\XC3A4\fer, Mei",2026-03-10 11:01
2026-03-11,RVW,520637838,V91654802,MED3,"Sch\XC3A4\fer, Owen",2026-03-10 13:05
2026-03-11,RVW,534967195,V15801144,OBS,"Haddad, Grace",2026-03-11 09:57
2026-03-11,RVW,560537240,V41629436,CCU,"Baker, Priya",2026-03-11 09:56
2026-03-11,RVW,567220,V32685503,SURG2,"Haddad, Fatima",2026-03-10 01:21
2026-03-11,RVW,595062,V39566901,MED3,"D\X27\Angelo, Fatima",2026-03-10 08:55
2026-03-11,RVW,596441,V61405021,MED3,"O\X27\Brien, Jos\XC3A9\",2026-03-10 22:20
2026-03-11,RVW,623585,V81670174,SURG2,"Nguyen, Zo\XC3AB\",2026-03-08 18:26
2026-03-11,RVW,630216,V56735031,ICU,"Patel, Ingrid",2026-03-10 05:10
2026-03-11,RVW,637914429,V60639400,MED3,"Ryan, Tom\XC3A1\s",2026-03-09 15:16
2026-03-11,RVW,670944,V13785597,SURG2,"Nguyen, Elena",2026-03-11 07:32
2026-03-11,RVW,726194,V95089170,ED,"O\X27\Brien, Liam",2026-03-09 15:12
2026-03-11,RVW,735480446,V70277497,ORTHO,"Dubois, Jos\XC3A9\",2026-03-11 20:32
2026-03-11,RVW,779776336,V38246179,ED,"Haddad, Owen",2026-03-11 05:43
2026-03-11,RVW,793059,V65807668,ONC,"Sch\XC3A4\fer, Owen",2026-03-09 09:09
2026-03-11,RVW,797798,V94981563,ICU,"Haddad, Grace",2026-03-09 11:52
2026-03-11,RVW,813416027,V98736873,ICU,"Garcia, Tom\XC3A1\s",2026-03-11 22:04
2026-03-11,RVW,852033928,V71921321,ED,"Ryan, Chlo\XC3A9\",2026-03-11 10:57
2026-03-11,RVW,852092,V11325684,MED3,"Patel, Kwame",2026-03-10 22:19
2026-03-11,RVW,860647,V97978551,OBS,"Kowalski, Mei",2026-03-11 05:07
2026-03-11,RVW,865252,V84661652,ED,"Patel, Fatima",2026-03-09 12:38
2026-03-11,RVW,888455,V74279320,ED,"Fern\XC3A1\ndez, Mei",2026-03-06 12:32
2026-03-11,RVW,905206,V13039651,ORTHO,"Dubois, Jos\XC3A9\",2026-03-10 07:52
2026-03-11,RVW,923779,V28323021,ED,"Ivanova, Grace",2026-03-10 01:40
2026-03-11,RVW,937652,V25136141,SURG2,"Okafor, Liam",2026-03-09 19:30
2026-03-11,RVW,977714,V88632703,MED3,"M\XC3BC\ller, Yusuf",2026-03-10 17:17
2026-03-11,RVW,977740,V61929797,ED,"Fern\XC3A1\ndez, Zo\XC3AB\",2026-03-11 06:57
2026-03-11,RVW,986427,V67933928,ORTHO,"Patel, Priya",2026-03-10 15:43
2026-03-11,SLH,127285,V12502193,SURG2,"D\X27\Angelo, Grace",2026-03-11 22:06
2026-03-11,SLH,149093757,V42850097,CCU,"Dubois, Fatima",2026-03-09 14:31
2026-03-11,SLH,149478,V66695251,MED3,"Chen, Jos\XC3A9\",2026-03-11 09:59
2026-03-11,SLH,169213,V76365544,ED,"Ryan, Zo\XC3AB\",2026-03-11 14:35
2026-03-11,SLH,176120,V78299355,ICU,"Fern\XC3A1\ndez, Fatima",2026-03-07 13:47
2026-03-11,SLH,205505,V81382744,ONC,"Ryan, Chlo\XC3A9\",2026-03-10 21:29
2026-03-11,SLH,247179847,V63592259,ED,"M\XC3BC\ller, Ren\XC3A9\",2026-03-09 22:52
2026-03-11,SLH,297578,V16686495,SURG2,"Okafor, Chlo\XC3A9\",2026-03-09 17:41
2026-03-11,SLH,312326,V79596974,MED3,"Smith, Ren\XC3A9\",2026-03-11 12:22
2026-03-11,SLH,314796,V47800503,CCU,"Chen, Tom\XC3A1\s",2026-03-10 18:56
2026-03-11,SLH,320986979,V64138092,OBS,"Ivanova, Jos\XC3A9\",2026-03-11 12:26
2026-03-11,SLH,338288,V67854587,OBS,"Patel, Jos\XC3A9\",2026-03-08 15:12
2026-03-11,SLH,355744,V39402014,OBS,"Baker, S\XC3B8\ren",2026-03-09 06:47
2026-03-11,SLH,380640,V31240159,MED3,"M\XC3BC\ller, Kwame",2026-03-09 02:44
2026-03-11,SLH,416502,V67756501,ORTHO,"Kowalski, Ingrid",2026-03-09 13:04
2026-03-11,SLH,435606073,V87770626,MED3,"Sch\XC3A4\fer, Fatima",2026-03-07 06:17
2026-03-11,SLH,437765,V95411893,CCU,"Smith, Ingrid",2026-03-10 16:00
2026-03-11,SLH,458824,V75178077,ED,"Nguyen, Ren\XC3A9\",2026-03-11 09:01
2026-03-11,SLH,461790,V99817102,CCU,"Smith, Kwame",2026-03-11 23:23
2026-03-11,SLH,515105761,V16852431,SURG2,"Lindqvist, Chlo\XC3A9\",2026-03-10 04:13
2026-03-11,SLH,521418,V90647447,ONC,"Patel, Ren\XC3A9\",2026-03-09 13:06
2026-03-11,SLH,551222765,V25588867,CCU,"Dubois, Ingrid",2026-03-06 14:47
2026-03-11,SLH,555031868,V23805072,ED,"Smith, Liam",2026-03-11 02:09
2026-03-11,SLH,562392,V10881433,MED3,"Ryan, Grace",2026-03-09 20:42
2026-03-11,SLH,566507,V69244030,MED3,"Garcia, Chlo\XC3A9\",2026-03-11 05:23
2026-03-11,SLH,573587,V69920620,OBS,"Patel, Ana",2026-03-10 14:04
2026-03-11,SLH,586793269,V58161034,ICU,"Baker, Yusuf",2026-03-09 15:55
2026-03-11,SLH,605613,V21255448,OBS,"Ivanova, Chlo\XC3A9\",2026-03-09 13:13
2026-03-11,SLH,630294,V63896120,MED3,"D\X27\Angelo, Priya",2026-03-10 02:35
2026-03-11,SLH,651192,V97122883,SURG2,"Fern\XC3A1\ndez, Elena",2026-03-10 22:28
2026-03-11,SLH,693621,V46136641,ED,"Ryan, Jos\XC3A9\",2026-03-10 16:13
2026-03-11,SLH,727888071,V94879951,CCU,"Garcia, Mei",2026-03-10 03:39
2026-03-11,SLH,746188,V89100347,ONC,"Dubois, Grace",2026-03-07 18:28
2026-03-11,SLH,763627174,V44620897,OBS,"Nguyen, Ana",2026-03-11 11:56
2026-03-11,SLH,782077,V80534957,OBS,"Ryan, Liam",2026-03-06 21:07
2026-03-11,SLH,807745801,V96901664,OBS,"Chen, Priya",2026-03-11 11:17
2026-03-11,SLH,837766391,V39915041,ED,"Nguyen, Grace",2026-03-10 07:19
2026-03-11,SLH,851709,V42888332,OBS,"Fern\XC3A1\ndez, Zo\XC3AB\",2026-03-09 16:19
2026-03-11,SLH,857911,V36088959,SURG2,"O\X27\Brien, Ren\XC3A9\",2026-03-11 10:46
2026-03-11,SLH,899201,V81558914,MED3,"O\X27\Brien, Ingrid",2026-03-06 00:20
2026-03-11,SLH,930324,V81262287,ORTHO,"Haddad, Ren\XC3A9\",2026-03-09 01:06
2026-03-12,MERCY,106386021,V75614693,MED3,"Chen, Jos\XC3A9\",2026-03-12 11:20
2026-03-12,MERCY,135922,V99380491,MED3,"O\X27\Brien, Liam",2026-03-11 01:59
2026-03-12,MERCY,166867,V42698205,ORTHO,"Fern\XC3A1\ndez, Fatima",2026-03-10 06:32
2026-03-12,MERCY,179176,V30903924,ICU,"M\XC3BC\ller, Elena",2026-03-12 00:41
2026-03-12,MERCY,188575240,V48064371,SURG2,"Garcia, Chlo\XC3A9\",2026-03-09 10:54
2026-03-12,MERCY,196178,V79292635,ICU,"Ivanova, Fatima",2026-03-10 07:53
2026-03-12,MERCY,206472,V78061374,ORTHO,"Dubois, Mei",2026-03-10 07:50
2026-03-12,MERCY,211776322,V48601444,ICU,"Kowalski, Chlo\XC3A9\",2026-03-10 16:43
2026-03-12,MERCY,224444176,V65889893,CCU,"Baker, Ren\XC3A9\",2026-03-10 19:02
2026-03-12,MERCY,242171134,V43621469,ICU,"Patel, Elena",2026-03-09 05:25
2026-03-12,MERCY,248048,V52571783,ICU,"Dubois, Zo\XC3AB\",2026-03-10 09:03
2026-03-12,MERCY,258112206,V36935298,MED3,"Nguyen, Noah",2026-03-09 11:48
2026-03-12,MERCY,263744,V75542003,ONC,"Okafor, Mei",2026-03-10 14:37
2026-03-12,MERCY,305505,V20230525,ICU,"Patel, Ingrid",2026-03-09 19:24
2026-03-12,MERCY,309114,V69626210,ED,"Okafor, Grace",2026-03-09 23:48
2026-03-12,MERCY,325010,V19623478,MED3,"D\X27\Angelo, Kwame",2026-03-10 00:22
2026-03-12,MERCY,333924677,V19951251,ICU,"M\XC3BC\ller, Kwame",2026-03-10 12:01
2026-03-12,MERCY,339017,V88675383,ED,"O\X27\Brien, Grace",2026-03-09 13:03
2026-03-12,MERCY,341818351,V27012448,MED3,"Haddad, Tom\XC3A1\s",2026-03-12 19:16
2026-03-12,MERCY,421939495,V18804982,ORTHO,"Dubois, Ren\XC3A9\",2026-03-10 03:34
2026-03-12,MERCY,435833,V71737133,MED3,"Kowalski, Liam",2026-03-10 02:29
2026-03-12,MERCY,463005,V22665862,ONC,"Dubois, Owen",2026-03-10 21:37
2026-03-12,MERCY,493311,V18928485,MED3,"Lindqvist, S\XC3B8\ren",2026-03-09 08:28
2026-03-12,MERCY,521783664,V43851037,SURG2,"Lindqvist, Mei",2026-03-12 13:31
2026-03-12,MERCY,549308,V63481678,OBS,"Okafor, Chlo\XC3A9\",2026-03-11 06:32
2026-03-12,MERCY,565263062,V19752916,SURG2,"Kowalski, Jos\XC3A9\",2026-03-09 12:52
2026-03-12,MERCY,587585,V33307863,ONC,"Patel, Owen",2026-03-11 15:06
2026-03-12,MERCY,591508,V14839225,MED3,"Patel, Tom\XC3A1\s",2026-03-12 08:03
2026-03-12,MERCY,603910749,V40607263,ED,"Kowalski, Priya",2026-03-10 05:19
2026-03-12,MERCY,671622560,V38001486,SURG2,"Kowalski, Elena",2026-03-11 06:48
2026-03-12,MERCY,675185978,V74445750,MED3,"Haddad, Jos\XC3A9\",2026-03-11 05:28
2026-03-12,MERCY,678228362,V74792520,ONC,"Ivanova, Mei",2026-03-08 20:51
2026-03-12,MERCY,684467839,V80370368,ED,"Sch\XC3A4\fer, Priya",2026-03-10 11:23
2026-03-12,MERCY,684803,V66922241,ORTHO,"D\X27\Angelo, Owen",2026-03-09 13:05
2026-03-12,MERCY,729511366,V98910114,CCU,"Nguyen, Ana",2026-03-12 07:50
2026-03-12,MERCY,737133,V96814803,MED3,"Smith, S\XC3B8\ren",2026-03-12 05:54
2026-03-12,MERCY,763014,V59674931,MED3,"Okafor, Chlo\XC3A9\",2026-03-10 01:09
2026-03-12,MERCY,765604,V60967207,ORTHO,"Smith, Ren\XC3A9\",2026-03-12 09:47
2026-03-12,MERCY,790209578,V83679138,ONC,"Baker, Yusuf",2026-03-10 20:59
2026-03-12,MERCY,812850,V21574099,OBS,"Smith, Priya",2026-03-12 15:41
2026-03-12,MERCY,818660,V56042832,ORTHO,"Baker, Elena",2026-03-12 12:32
2026-03-12,MERCY,834852020,V54579186,CCU,"Dubois, Liam",2026-03-10 11:00
2026-03-12,MERCY,854247,V83639135,OBS,"Chen, Grace",2026-03-09 12:27
2026-03-12,MERCY,897142,V31472515,CCU,"Garcia, Mei",2026-03-07 22:14
2026-03-12,MERCY,925237,V99341218,CCU,"Ivanova, Grace",2026-03-11 17:54
2026-03-12,MERCY,947469,V99147448,OBS,"Patel, Noah",2026-03-07 16:35
2026-03-12,MERCY,948554,V48453759,MED3,"Fern\XC3A1\ndez, Liam",2026-03-09 05:52
2026-03-12,MERCY,959332,V52117745,OBS,"Fern\XC3A1\ndez, Mei",2026-03-09 08:21
2026-03-12,RVW,100246,V28197901,ICU,"Patel, Ren\XC3A9\",2026-03-07 00:10
2026-03-12,RVW,156124,V67617044,SURG2,"Fern\XC3A1\ndez, Ren\XC3A9\",2026-03-10 10:45
2026-03-12,RVW,174479,V50131061,MED3,"Smith, S\XC3B8\ren",2026-03-07 00:45
2026-03-12,RVW,181944820,V72874626,MED3,"Haddad, Ren\XC3A9\",2026-03-10 18:05
2026-03-12,RVW,207868,V71349835,ICU,"Sch\XC3A4\fer, Ren\XC3A9\",2026-03-10 20:59
2026-03-12,RVW,219595,V95225032,OBS,"D\X27\Angelo, Liam",2026-03-11 02:18
2026-03-12,RVW,239343088,V30111232,ORTHO,"Patel, Priya",2026-03-12 08:42
2026-03-12,RVW,286652231,V48576665,ORTHO,"Haddad, Priya",2026-03-10 16:39
2026-03-12,RVW,297005,V51372344,ICU,"Lindqvist, Liam",2026-03-10 06:04
2026-03-12,RVW,313845298,V85807733,CCU,"O\X27\Brien, Noah",2026-03-12 20:11
2026-03-12,RVW,320878,V49847925,ICU,"Dubois, Elena",2026-03-11 19:17
2026-03-12,RVW,328086015,V63238037,CCU,"Smith, Elena",2026-03-09 16:52
2026-03-12,RVW,369865264,V80375751,CCU,"O\X27\Brien, Fatima",2026-03-09 08:45
2026-03-12,RVW,376988,V34912181,ONC,"Ryan, Chlo\XC3A9\",2026-03-09 14:52
2026-03-12,RVW,378505,V73286635,OBS,"Ryan, Kwame",2026-03-12 13:09
2026-03-12,RVW,423682089,V50702240,MED3,"Sch\XC3A4\fer, Jos\XC3A9\",2026-03-12 08:58
2026-03-12,RVW,446784,V19438883,ED,"Sch\XC3A4\fer, Ana",2026-03-12 08:36
2026-03-12,RVW,460294258,V46017956,ICU,"Okafor, Chlo\XC3A9\",2026-03-10 00:13
2026-03-12,RVW,472405728,V63017614,CCU,"O\X27\Brien, Kwame",2026-03-11 22:18
2026-03-12,RVW,478249,V61083481,ORTHO,"Smith, Noah",2026-03-10 09:39
2026-03-12,RVW,486508868,V42733812,CCU,"Sch\XC3A4\fer, Mei",2026-03-10 11:01
2026-03-12,RVW,520637838,V91654802,MED3,"Sch\XC3A4\fer, Owen",2026-03-10 13:05
2026-03-12,RVW,531260504,V59166182,SURG2,"Okafor, Yusuf",2026-03-12 04:54
2026-03-12,RVW,534967195,V15801144,OBS,"Haddad, Grace",2026-03-11 09:57
2026-03-12,RVW,560537240,V41629436,CCU,"Baker, Priya",2026-03-11 09:56
2026-03-12,RVW,567220,V32685503,SURG2,"Haddad, Fatima",2026-03-10 01:21
2026-03-12,RVW,585897,V73916389,ICU,"Patel, Liam",2026-03-12 03:12
2026-03-12,RVW,595062,V39566901,MED3,"D\X27\Angelo, Fatima",2026-03-10 08:55
2026-03-12,RVW,596441,V61405021,MED3,"O\X27\Brien, Jos\XC3A9\",2026-03-10 22:20
2026-03-12,RVW,596650,V28231377,OBS,"Ivanova, Jos\XC3A9\",2026-03-12 06:59
2026-03-12,RVW,623585,V81670174,SURG2,"Nguyen, Zo\XC3AB\",2026-03-08 18:26
2026-03-12,RVW,626496,V31254375,OBS,"D\X27\Angelo, Zo\XC3AB\",2026-03-12 20:29
2026-03-12,RVW,630216,V56735031,ICU,"Patel, Ingrid",2026-03-10 05:10
2026-03-12,RVW,637914429,V60639400,MED3,"Ryan, Tom\XC3A1\s",2026-03-09 15:16
2026-03-12,RVW,670944,V13785597,SURG2,"Nguyen, Elena",2026-03-11 07:32
2026-03-12,RVW,686477270,V77527465,SURG2,"O\X27\Brien, Noah",2026-03-12 00:32
2026-03-12,RVW,726194,V95089170,ED,"O\X27\Brien, Liam",2026-03-09 15:12
2026-03-12,RVW,735480446,V70277497,ORTHO,"Dubois, Jos\XC3A9\",2026-03-11 20:32
2026-03-12,RVW,779776336,V38246179,ED,"Haddad, Owen",2026-03-11 05:43
2026-03-12,RVW,793059,V65807668,ONC,"Sch\XC3A4\fer, Owen",2026-03-09 09:09
2026-03-12,RVW,797798,V94981563,ICU,"Haddad, Grace",2026-03-09 11:52
2026-03-12,RVW,813416027,V98736873,ICU,"Garcia, Tom\XC3A1\s",2026-03-11 22:04
2026-03-12,RVW,846564,V68164493,OBS,"Baker, Priya",2026-03-12 15:46
2026-03-12,RVW,852033928,V71921321,ED,"Ryan, Chlo\XC3A9\",2026-03-11 10:57
2026-03-12,RVW,852092,V11325684,MED3,"Patel, Kwame",2026-03-10 22:19
2026-03-12,RVW,860647,V97978551,OBS,"Kowalski, Mei",2026-03-11 05:07
2026-03-12,RVW,865252,V84661652,ED,"Patel, Fatima",2026-03-09 12:38
2026-03-12,RVW,888455,V74279320,ED,"Fern\XC3A1\ndez, Mei",2026-03-06 12:32
2026-03-12,RVW,905206,V13039651,ORTHO,"Dubois, Jos\XC3A9\",2026-03-10 07:52
2026-03-12,RVW,923779,V28323021,ED,"Ivanova, Grace",2026-03-10 01:40
2026-03-12,RVW,937652,V25136141,SURG2,"Okafor, Liam",2026-03-09 19:30
2026-03-12,RVW,977714,V88632703,MED3,"M\XC3BC\ller, Yusuf",2026-03-10 17:17
2026-03-12,RVW,986427,V67933928,ORTHO,"Patel, Priya",2026-03-10 15:43
2026-03-12,SLH,127285,V12502193,SURG2,"D\X27\Angelo, Grace",2026-03-11 22:06
2026-03-12,SLH,149093757,V42850097,CCU,"Dubois, Fatima",2026-03-09 14:31
2026-03-12,SLH,149478,V66695251,MED3,"Chen, Jos\XC3A9\",2026-03-11 09:59
2026-03-12,SLH,158858,V70359510,CCU,"Ryan, Zo\XC3AB\",2026-03-12 20:55
2026-03-12,SLH,169213,V76365544,ED,"Ryan, Zo\XC3AB\",2026-03-11 14:35
2026-03-12,SLH,174001566,V24724724,ORTHO,"Chen, Fatima",2026-03-12 19:54
2026-03-12,SLH,176120,V78299355,ICU,"Fern\XC3A1\ndez, Fatima",2026-03-07 13:47
2026-03-12,SLH,177339885,V79911366,MED3,"Nguyen, Jos\XC3A9\",2026-03-12 08:57
2026-03-12,SLH,209678,V76802318,SURG2,"M\XC3BC\ller, Priya",2026-03-13 00:00
2026-03-12,SLH,247179847,V63592259,ED,"M\XC3BC\ller, Ren\XC3A9\",2026-03-09 22:52
2026-03-12,SLH,274854639,V48630385,CCU,"Nguyen, Grace",2026-03-12 18:56
2026-03-12,SLH,297578,V16686495,SURG2,"Okafor, Chlo\XC3A9\",2026-03-09 17:41
2026-03-12,SLH,312326,V79596974,MED3,"Smith, Ren\XC3A9\",2026-03-11 12:22
2026-03-12,SLH,314796,V47800503,CCU,"Chen, Tom\XC3A1\s",2026-03-10 18:56
2026-03-12,SLH,320986979,V64138092,OBS,"Ivanova, Jos\XC3A9\",2026-03-11 12:26
2026-03-12,SLH,338288,V67854587,OBS,"Patel, Jos\XC3A9\",2026-03-08 15:12
2026-03-12,SLH,350258,V57275398,CCU,"Kowalski, Kwame",2026-03-12 21:05
2026-03-12,SLH,355744,V39402014,OBS,"Baker, S\XC3B8\ren",2026-03-09 06:47
2026-03-12,SLH,380640,V31240159,MED3,"M\XC3BC\ller, Kwame",2026-03-09 02:44
2026-03-12,SLH,416502,V67756501,ORTHO,"Kowalski, Ingrid",2026-03-09 13:04
2026-03-12,SLH,430826,V76865474,OBS,"Haddad, Mei",2026-03-12 17:12
2026-03-12,SLH,435606073,V87770626,MED3,"Sch\XC3A4\fer, Fatima",2026-03-07 06:17
2026-03-12,SLH,437765,V95411893,CCU,"Smith, Ingrid",2026-03-10 16:00
2026-03-12,SLH,458824,V75178077,ED,"Nguyen, Ren\XC3A9\",2026-03-11 09:01
2026-03-12,SLH,461790,V99817102,CCU,"Smith, Kwame",2026-03-11 23:23
2026-03-12,SLH,512418277,V69382279,ED,"D\X27\Angelo, Liam",2026-03-12 01:18
2026-03-12,SLH,515105761,V16852431,SURG2,"Lindqvist, Chlo\XC3A9\",2026-03-10 04:13
2026-03-12,SLH,521418,V90647447,ONC,"Patel, Ren\XC3A9\",2026-03-09 13:06
2026-03-12,SLH,551222765,V25588867,CCU,"Dubois, Ingrid",2026-03-06 14:47
2026-03-12,SLH,555031868,V23805072,ED,"Smith, Liam",2026-03-11 02:09
2026-03-12,SLH,562392,V10881433,MED3,"Ryan, Grace",2026-03-09 20:42
2026-03-12,SLH,566507,V69244030,MED3,"Garcia, Chlo\XC3A9\",2026-03-11 05:23
2026-03-12,SLH,573587,V69920620,OBS,"Patel, Ana",2026-03-10 14:04
2026-03-12,SLH,586793269,V58161034,ICU,"Baker, Yusuf",2026-03-09 15:55
2026-03-12,SLH,630294,V63896120,MED3,"D\X27\Angelo, Priya",2026-03-10 02:35
2026-03-12,SLH,633709,V82744892,MED3,"Lindqvist, Zo\XC3AB\",2026-03-12 02:29
2026-03-12,SLH,651192,V97122883,SURG2,"Fern\XC3A1\ndez, Elena",2026-03-10 22:28
2026-03-12,SLH,667698488,V81034295,MED3,"Lindqvist, S\XC3B8\ren",2026-03-12 13:28
2026-03-12,SLH,693621,V46136641,ED,"Ryan, Jos\XC3A9\",2026-03-10 16:13
2026-03-12,SLH,697705729,V20814682,SURG2,"Kowalski, S\XC3B8\ren",2026-03-12 08:53
2026-03-12,SLH,727888071,V94879951,CCU,"Garcia, Mei",2026-03-10 03:39
2026-03-12,SLH,746188,V89100347,ONC,"Dubois, Grace",2026-03-07 18:28
2026-03-12,SLH,763627174,V44620897,OBS,"Nguyen, Ana",2026-03-11 11:56
2026-03-12,SLH,782077,V80534957,OBS,"Ryan, Liam",2026-03-06 21:07
2026-03-12,SLH,786077702,V38412529,SURG2,"Sch\XC3A4\fer, Ren\XC3A9\",2026-03-12 22:07
2026-03-12,SLH,797961,V61364093,CCU,"Baker, Ingrid",2026-03-12 13:58
2026-03-12,SLH,807745801,V96901664,OBS,"Chen, Priya",2026-03-11 11:17
2026-03-12,SLH,837766391,V39915041,ED,"Nguyen, Grace",2026-03-10 07:19
2026-03-12,SLH,851709,V42888332,OBS,"Fern\XC3A1\ndez, Zo\XC3AB\",2026-03-09 16:19
2026-03-12,SLH,857911,V36088959,SURG2,"O\X27\Brien, Ren\XC3A9\",2026-03-11 10:46
2026-03-12,SLH,899201,V81558914,MED3,"O\X27\Brien, Ingrid",2026-03-06 00:20
2026-03-12,SLH,925637,V49672110,SURG2,"Fern\XC3A1\ndez, Chlo\XC3A9\",2026-03-12 07:09
2026-03-12,SLH,930324,V81262287,ORTHO,"Haddad, Ren\XC3A9\",2026-03-09 01:06
2026-03-13,MERCY,106386021,V75614693,MED3,"Chen, Jos\XC3A9\",2026-03-12 11:20
2026-03-13,MERCY,130691,V92771413,SURG2,"Smith, Noah",2026-03-13 06:10
2026-03-13,MERCY,135922,V99380491,MED3,"O\X27\Brien, Liam",2026-03-11 01:59
2026-03-13,MERCY,166867,V42698205,ORTHO,"Fern\XC3A1\ndez, Fatima",2026-03-10 06:32
2026-03-13,MERCY,179176,V30903924,ICU,"M\XC3BC\ller, Elena",2026-03-12 00:41
2026-03-13,MERCY,188575240,V48064371,SURG2,"Garcia, Chlo\XC3A9\",2026-03-09 10:54
2026-03-13,MERCY,196178,V79292635,ICU,"Ivanova, Fatima",2026-03-10 07:53
2026-03-13,MERCY,206472,V78061374,ORTHO,"Dubois, Mei",2026-03-10 07:50
2026-03-13,MERCY,211776322,V48601444,ICU,"Kowalski, Chlo\XC3A9\",2026-03-10 16:43
2026-03-13,MERCY,236759,V41908128,ED,"Kowalski, Ren\XC3A9\",2026-03-13 13:37
2026-03-13,MERCY,242171134,V43621469,ICU,"Patel, Elena",2026-03-09 05:25
2026-03-13,MERCY,243654814,V93138563,ONC,"Ivanova, Ana",2026-03-13 05:36
2026-03-13,MERCY,248048,V52571783,ICU,"Dubois, Zo\XC3AB\",2026-03-10 09:03
2026-03-13,MERCY,248283,V78443134,ED,"Chen, S\XC3B8\ren",2026-03-13 07:49
2026-03-13,MERCY,258112206,V36935298,MED3,"Nguyen, Noah",2026-03-09 11:48
2026-03-13,MERCY,263744,V75542003,ONC,"Okafor, Mei",2026-03-10 14:37
2026-03-13,MERCY,305505,V20230525,ICU,"Patel, Ingrid",2026-03-09 19:24
2026-03-13,MERCY,309114,V69626210,ED,"Okafor, Grace",2026-03-09 23:48
2026-03-13,MERCY,325010,V19623478,MED3,"D\X27\Angelo, Kwame",2026-03-10 00:22
2026-03-13,MERCY,333924677,V19951251,ICU,"M\XC3BC\ller, Kwame",2026-03-10 12:01
2026-03-13,MERCY,339017,V88675383,ED,"O\X27\Brien, Grace",2026-03-09 13:03
2026-03-13,MERCY,341818351,V27012448,MED3,"Haddad, Tom\XC3A1\s",2026-03-12 19:16
2026-03-13,MERCY,350924,V68995966,CCU,"Kowalski, Chlo\XC3A9\",2026-03-13 11:53
2026-03-13,MERCY,395091,V67076154,ED,"Ryan, Grace",2026-03-13 16:15
2026-03-13,MERCY,421939495,V18804982,ORTHO,"Dubois, Ren\XC3A9\",2026-03-10 03:34
2026-03-13,MERCY,435833,V71737133,MED3,"Kowalski, Liam",2026-03-10 02:29
2026-03-13,MERCY,463005,V22665862,ONC,"Dubois, Owen",2026-03-10 21:37
2026-03-13,MERCY,487130787,V62154003,ONC,"Chen, Jos\XC3A9\",2026-03-13 10:25
2026-03-13,MERCY,493311,V18928485,MED3,"Lindqvist, S\XC3B8\ren",2026-03-09 08:28
2026-03-13,MERCY,521783664,V43851037,SURG2,"Lindqvist, Mei",2026-03-12 13:31
2026-03-13,MERCY,549308,V63481678,OBS,"Okafor, Chlo\XC3A9\",2026-03-11 06:32
2026-03-13,MERCY,565263062,V19752916,SURG2,"Kowalski, Jos\XC3A9\",2026-03-09 12:52
2026-03-13,MERCY,587585,V33307863,ONC,"Patel, Owen",2026-03-11 15:06
2026-03-13,MERCY,591447957,V57732441,ONC,"Lindqvist, Mei",2026-03-13 15:43
2026-03-13,MERCY,591508,V14839225,MED3,"Patel, Tom\XC3A1\s",2026-03-12 08:03
2026-03-13,MERCY,603910749,V40607263,ED,"Kowalski, Priya",2026-03-10 05:19
2026-03-13,MERCY,671622560,V38001486,SURG2,"Kowalski, Elena",2026-03-11 06:48
2026-03-13,MERCY,675185978,V74445750,MED3,"Haddad, Jos\XC3A9\",2026-03-11 05:28
2026-03-13,MERCY,678228362,V74792520,ONC,"Ivanova, Mei",2026-03-08 20:51
2026-03-13,MERCY,684467839,V80370368,ED,"Sch\XC3A4\fer, Priya",2026-03-10 11:23
2026-03-13,MERCY,684803,V66922241,ORTHO,"D\X27\Angelo, Owen",2026-03-09 13:05
2026-03-13,MERCY,689278,V72577478,ED,"D\X27\Angelo, Owen",2026-03-13 18:41
2026-03-13,MERCY,716710,V11044303,OBS,"Baker, Yusuf",2026-03-13 05:02
2026-03-13,MERCY,721127862,V62132351,ED,"Ivanova, Mei",2026-03-13 02:41
2026-03-13,MERCY,729511366,V98910114,CCU,"Nguyen, Ana",2026-03-12 07:50
2026-03-13,MERCY,737133,V96814803,MED3,"Smith, S\XC3B8\ren",2026-03-12 05:54
2026-03-13,MERCY,763014,V59674931,MED3,"Okafor, Chlo\XC3A9\",2026-03-10 01:09
2026-03-13,MERCY,765604,V60967207,ORTHO,"Smith, Ren\XC3A9\",2026-03-12 09:47
2026-03-13,MERCY,790209578,V83679138,ONC,"Baker, Yusuf",2026-03-10 20:59
2026-03-13,MERCY,812850,V21574099,OBS,"Smith, Priya",2026-03-12 15:41
2026-03-13,MERCY,818660,V56042832,ORTHO,"Baker, Elena",2026-03-12 12:32
2026-03-13,MERCY,834852020,V54579186,CCU,"Dubois, Liam",2026-03-10 11:00
2026-03-13,MERCY,854247,V83639135,OBS,"Chen, Grace",2026-03-09 12:27
2026-03-13,MERCY,862964,V11390636,OBS,"Okafor, Tom\XC3A1\s",2026-03-13 09:04
2026-03-13,MERCY,897142,V31472515,CCU,"Garcia, Mei",2026-03-07 22:14
2026-03-13,MERCY,925237,V99341218,CCU,"Ivanova, Grace",2026-03-11 17:54
2026-03-13,MERCY,947469,V99147448,OBS,"Patel, Noah",2026-03-07 16:35
2026-03-13,MERCY,948554,V48453759,MED3,"Fern\XC3A1\ndez, Liam",2026-03-09 05:52
2026-03-13,MERCY,959332,V52117745,OBS,"Fern\XC3A1\ndez, Mei",2026-03-09 08:21
2026-03-13,RVW,100246,V28197901,ICU,"Patel, Ren\XC3A9\",2026-03-07 00:10
2026-03-13,RVW,156124,V67617044,SURG2,"Fern\XC3A1\ndez, Ren\XC3A9\",2026-03-10 10:45
2026-03-13,RVW,174479,V50131061,MED3,"Smith, S\XC3B8\ren",2026-03-07 00:45
2026-03-13,RVW,181944820,V72874626,MED3,"Haddad, Ren\XC3A9\",2026-03-10 18:05
2026-03-13,RVW,207868,V71349835,ICU,"Sch\XC3A4\fer, Ren\XC3A9\",2026-03-10 20:59
2026-03-13,RVW,217065521,V12045413,ED,"Fern\XC3A1\ndez, Noah",2026-03-13 22:22
2026-03-13,RVW,219595,V95225032,OBS,"D\X27\Angelo, Liam",2026-03-11 02:18
2026-03-13,RVW,239343088,V30111232,ORTHO,"Patel, Priya",2026-03-12 08:42
2026-03-13,RVW,252358,V42466379,CCU,"Garcia, Noah",2026-03-13 08:50
2026-03-13,RVW,286652231,V48576665,ORTHO,"Haddad, Priya",2026-03-10 16:39
2026-03-13,RVW,297005,V51372344,ICU,"Lindqvist, Liam",2026-03-10 06:04
2026-03-13,RVW,306630,V37430017,ED,"Haddad, Grace",2026-03-13 02:23
2026-03-13,RVW,313845298,V85807733,CCU,"O\X27\Brien, Noah",2026-03-12 20:11
2026-03-13,RVW,317146,V93128047,ED,"Haddad, Yusuf",2026-03-13 12:33
2026-03-13,RVW,320878,V49847925,ICU,"Dubois, Elena",2026-03-11 19:17
2026-03-13,RVW,328086015,V63238037,CCU,"Smith, Elena",2026-03-09 16:52
2026-03-13,RVW,329581,V85963666,ONC,"Ryan, Noah",2026-03-13 11:36
2026-03-13,RVW,369865264,V80375751,CCU,"O\X27\Brien, Fatima",2026-03-09 08:45
2026-03-13,RVW,376988,V34912181,ONC,"Ryan, Chlo\XC3A9\",2026-03-09 14:52
2026-03-13,RVW,378505,V73286635,OBS,"Ryan, Kwame",2026-03-12 13:09
2026-03-13,RVW,423682089,V50702240,MED3,"Sch\XC3A4\fer, Jos\XC3A9\",2026-03-12 08:58
2026-03-13,RVW,425027531,V87887229,CCU,"M\XC3BC\ller, Liam",2026-03-13 05:59
2026-03-13,RVW,440873,V57257275,OBS,"Ivanova, Elena",2026-03-13 19:16
2026-03-13,RVW,446784,V19438883,ED,"Sch\XC3A4\fer, Ana",2026-03-12 08:36
2026-03-13,RVW,458839,V43310488,ICU,"Sch\XC3A4\fer, Ingrid",2026-03-13 02:14
2026-03-13,RVW,460294258,V46017956,ICU,"Okafor, Chlo\XC3A9\",2026-03-10 00:13
2026-03-13,RVW,472405728,V63017614,CCU,"O\X27\Brien, Kwame",2026-03-11 22:18
2026-03-13,RVW,486508868,V42733812,CCU,"Sch\XC3A4\fer, Mei",2026-03-10 11:01
2026-03-13,RVW,522802578,V78502400,OBS,"Garcia, Mei",2026-03-13 04:10
2026-03-13,RVW,531260504,V59166182,SURG2,"Okafor, Yusuf",2026-03-12 04:54
2026-03-13,RVW,534967195,V15801144,OBS,"Haddad, Grace",2026-03-11 09:57
2026-03-13,RVW,560537240,V41629436,CCU,"Baker, Priya",2026-03-11 09:56
2026-03-13,RVW,567220,V32685503,SURG2,"Haddad, Fatima",2026-03-10 01:21
2026-03-13,RVW,585897,V73916389,ICU,"Patel, Liam",2026-03-12 03:12
2026-03-13,RVW,586615132,V14640827,OBS,"Ryan, Jos\XC3A9\",2026-03-13 18:57
2026-03-13,RVW,595062,V39566901,MED3,"D\X27\Angelo, Fatima",2026-03-10 08:55
2026-03-13,RVW,596441,V61405021,MED3,"O\X27\Brien, Jos\XC3A9\",2026-03-10 22:20
2026-03-13,RVW,596650,V28231377,OBS,"Ivanova, Jos\XC3A9\",2026-03-12 06:59
2026-03-13,RVW,626496,V31254375,OBS,"D\X27\Angelo, Zo\XC3AB\",2026-03-12 20:29
2026-03-13,RVW,630216,V56735031,ICU,"Patel, Ingrid",2026-03-10 05:10
2026-03-13,RVW,637914429,V60639400,MED3,"Ryan, Tom\XC3A1\s",2026-03-09 15:16
2026-03-13,RVW,670944,V13785597,SURG2,"Nguyen, Elena",2026-03-11 07:32
2026-03-13,RVW,686477270,V77527465,SURG2,"O\X27\Brien, Noah",2026-03-12 00:32
2026-03-13,RVW,716315642,V55823260,OBS,"Nguyen, Priya",2026-03-13 00:26
2026-03-13,RVW,726194,V95089170,ED,"O\X27\Brien, Liam",2026-03-09 15:12
2026-03-13,RVW,735480446,V70277497,ORTHO,"Dubois, Jos\XC3A9\",2026-03-11 20:32
2026-03-13,RVW,779776336,V38246179,ED,"Haddad, Owen",2026-03-11 05:43
2026-03-13,RVW,793059,V65807668,ONC,"Sch\XC3A4\fer, Owen",2026-03-09 09:09
2026-03-13,RVW,797798,V94981563,ICU,"Haddad, Grace",2026-03-09 11:52
2026-03-13,RVW,813416027,V98736873,ICU,"Garcia, Tom\XC3A1\s",2026-03-11 22:04
2026-03-13,RVW,838374,V21272008,ICU,"Ivanova, Mei",2026-03-13 19:39
2026-03-13,RVW,846564,V68164493,OBS,"Baker, Priya",2026-03-12 15:46
2026-03-13,RVW,852033928,V71921321,ED,"Ryan, Chlo\XC3A9\",2026-03-11 10:57
2026-03-13,RVW,852092,V11325684,MED3,"Patel, Kwame",2026-03-10 22:19
2026-03-13,RVW,860647,V97978551,OBS,"Kowalski, Mei",2026-03-11 05:07
2026-03-13,RVW,865252,V84661652,ED,"Patel, Fatima",2026-03-09 12:38
2026-03-13,RVW,888455,V74279320,ED,"Fern\XC3A1\ndez, Mei",2026-03-06 12:32
2026-03-13,RVW,923779,V28323021,ED,"Ivanova, Grace",2026-03-10 01:40
2026-03-13,RVW,937652,V25136141,SURG2,"Okafor, Liam",2026-03-09 19:30
2026-03-13,RVW,977714,V88632703,MED3,"M\XC3BC\ller, Yusuf",2026-03-10 17:17
2026-03-13,RVW,986427,V67933928,ORTHO,"Patel, Priya",2026-03-10 15:43
2026-03-13,SLH,100516918,V59972329,ONC,"Smith, S\XC3B8\ren",2026-03-13 02:45
2026-03-13,SLH,113953,V86154656,ORTHO,"Garcia, Tom\XC3A1\s",2026-03-13 00:03
2026-03-13,SLH,122931569,V71540152,CCU,"Okafor, Zo\XC3AB\",2026-03-13 11:31
2026-03-13,SLH,127285,V12502193,SURG2,"D\X27\Angelo, Grace",2026-03-11 22:06
2026-03-13,SLH,146305376,V82642847,ORTHO,"Ryan, Priya",2026-03-13 06:44
2026-03-13,SLH,149093757,V42850097,CCU,"Dubois, Fatima",2026-03-09 14:31
2026-03-13,SLH,149478,V66695251,MED3,"Chen, Jos\XC3A9\",2026-03-11 09:59
2026-03-13,SLH,158858,V70359510,CCU,"Ryan, Zo\XC3AB\",2026-03-12 20:55
2026-03-13,SLH,166490,V27022158,ED,"Fern\XC3A1\ndez, Ingrid",2026-03-13 05:39
2026-03-13,SLH,169213,V76365544,ED,"Ryan, Zo\XC3AB\",2026-03-11 14:35
2026-03-13,SLH,174001566,V24724724,ORTHO,"Chen, Fatima",2026-03-12 19:54
2026-03-13,SLH,176120,V78299355,ICU,"Fern\XC3A1\ndez, Fatima",2026-03-07 13:47
2026-03-13,SLH,177339885,V79911366,MED3,"Nguyen, Jos\XC3A9\",2026-03-12 08:57
2026-03-13,SLH,209678,V76802318,SURG2,"M\XC3BC\ller, Priya",2026-03-13 00:00
2026-03-13,SLH,247179847,V63592259,ED,"M\XC3BC\ller, Ren\XC3A9\",2026-03-09 22:52
2026-03-13,SLH,249693372,V55689598,OBS,"Nguyen, Ana",2026-03-13 20:45
2026-03-13,SLH,274854639,V48630385,CCU,"Nguyen, Grace",2026-03-12 18:56
2026-03-13,SLH,287956323,V44041597,CCU,"Smith, Kwame",2026-03-13 12:36
2026-03-13,SLH,297578,V16686495,SURG2,"Okafor, Chlo\XC3A9\",2026-03-09 17:41
2026-03-13,SLH,312326,V79596974,MED3,"Smith, Ren\XC3A9\",2026-03-11 12:22
2026-03-13,SLH,314796,V47800503,CCU,"Chen, Tom\XC3A1\s",2026-03-10 18:56
2026-03-13,SLH,320986979,V64138092,OBS,"Ivanova, Jos\XC3A9\",2026-03-11 12:26
2026-03-13,SLH,338288,V67854587,OBS,"Patel, Jos\XC3A9\",2026-03-08 15:12
2026-03-13,SLH,350258,V57275398,CCU,"Kowalski, Kwame",2026-03-12 21:05
2026-03-13,SLH,355744,V39402014,OBS,"Baker, S\XC3B8\ren",2026-03-09 06:47
2026-03-13,SLH,380640,V31240159,MED3,"M\XC3BC\ller, Kwame",2026-03-09 02:44
2026-03-13,SLH,399958745,V34569476,CCU,"Ryan, Grace",2026-03-13 21:15
2026-03-13,SLH,416502,V67756501,ORTHO,"Kowalski, Ingrid",2026-03-09 13:04
2026-03-13,SLH,422380220,V59889925,CCU,"Patel, Owen",2026-03-13 01:44
2026-03-13,SLH,430826,V76865474,OBS,"Haddad, Mei",2026-03-12 17:12
2026-03-13,SLH,435606073,V87770626,MED3,"Sch\XC3A4\fer, Fatima",2026-03-07 06:17
2026-03-13,SLH,437765,V95411893,CCU,"Smith, Ingrid",2026-03-10 16:00
2026-03-13,SLH,441736386,V49474524,MED3,"Garcia, Grace",2026-03-13 23:00
2026-03-13,SLH,454659,V57280888,MED3,"Patel, Fatima",2026-03-13 16:59
2026-03-13,SLH,458824,V75178077,ED,"Nguyen, Ren\XC3A9\",2026-03-11 09:01
2026-03-13,SLH,461790,V99817102,CCU,"Smith, Kwame",2026-03-11 23:23
2026-03-13,SLH,512418277,V69382279,ED,"D\X27\Angelo, Liam",2026-03-12 01:18
2026-03-13,SLH,515105761,V16852431,SURG2,"Lindqvist, Chlo\XC3A9\",2026-03-10 04:13
2026-03-13,SLH,521095,V53077450,ONC,"Lindqvist, Zo\XC3AB\",2026-03-13 07:41
2026-03-13,SLH,521418,V90647447,ONC,"Patel, Ren\XC3A9\",2026-03-09 13:06
2026-03-13,SLH,551222765,V25588867,CCU,"Dubois, Ingrid",2026-03-06 14:47
2026-03-13,SLH,555031868,V23805072,ED,"Smith, Liam",2026-03-11 02:09
2026-03-13,SLH,562392,V10881433,MED3,"Ryan, Grace",2026-03-09 20:42
2026-03-13,SLH,573587,V69920620,OBS,"Patel, Ana",2026-03-10 14:04
2026-03-13,SLH,586793269,V58161034,ICU,"Baker, Yusuf",2026-03-09 15:55
2026-03-13,SLH,623890615,V73339849,ORTHO,"O\X27\Brien, Elena",2026-03-13 14:55
2026-03-13,SLH,630294,V63896120,MED3,"D\X27\Angelo, Priya",2026-03-10 02:35
2026-03-13,SLH,633709,V82744892,MED3,"Lindqvist, Zo\XC3AB\",2026-03-12 02:29
2026-03-13,SLH,651192,V97122883,SURG2,"Fern\XC3A1\ndez, Elena",2026-03-10 22:28
2026-03-13,SLH,667698488,V81034295,MED3,"Lindqvist, S\XC3B8\ren",2026-03-12 13:28
2026-03-13,SLH,693621,V46136641,ED,"Ryan, Jos\XC3A9\",2026-03-10 16:13
2026-03-13,SLH,697705729,V20814682,SURG2,"Kowalski, S\XC3B8\ren",2026-03-12 08:53
2026-03-13,SLH,727888071,V94879951,CCU,"Garcia, Mei",2026-03-10 03:39
2026-03-13,SLH,746188,V89100347,ONC,"Dubois, Grace",2026-03-07 18:28
2026-03-13,SLH,763627174,V44620897,OBS,"Nguyen, Ana",2026-03-11 11:56
2026-03-13,SLH,782077,V80534957,OBS,"Ryan, Liam",2026-03-06 21:07
2026-03-13,SLH,786077702,V38412529,SURG2,"Sch\XC3A4\fer, Ren\XC3A9\",2026-03-12 22:07
2026-03-13,SLH,797961,V61364093,CCU,"Baker, Ingrid",2026-03-12 13:58
2026-03-13,SLH,805951976,V41116148,OBS,"Smith, Zo\XC3AB\",2026-03-13 12:20
2026-03-13,SLH,807745801,V96901664,OBS,"Chen, Priya",2026-03-11 11:17
2026-03-13,SLH,837766391,V39915041,ED,"Nguyen, Grace",2026-03-10 07:19
2026-03-13,SLH,851709,V42888332,OBS,"Fern\XC3A1\ndez, Zo\XC3AB\",2026-03-09 16:19
2026-03-13,SLH,857911,V36088959,SURG2,"O\X27\Brien, Ren\XC3A9\",2026-03-11 10:46
2026-03-13,SLH,888452,V55451088,SURG2,"Okafor, Ingrid",2026-03-13 00:05
2026-03-13,SLH,889255,V59484779,ED,"Nguyen, Mei",2026-03-13 01:30
2026-03-13,SLH,899201,V81558914,MED3,"O\X27\Brien, Ingrid",2026-03-06 00:20
2026-03-13,SLH,925637,V49672110,SURG2,"Fern\XC3A1\ndez, Chlo\XC3A9\",2026-03-12 07:09
2026-03-13,SLH,930324,V81262287,ORTHO,"Haddad, Ren\XC3A9\",2026-03-09 01:06
2026-03-14,MERCY,106386021,V75614693,MED3,"Chen, Jos\XC3A9\",2026-03-12 11:20
2026-03-14,MERCY,130691,V92771413,SURG2,"Smith, Noah",2026-03-13 06:10
2026-03-14,MERCY,135922,V99380491,MED3,"O\X27\Brien, Liam",2026-03-11 01:59
2026-03-14,MERCY,166867,V42698205,ORTHO,"Fern\XC3A1\ndez, Fatima",2026-03-10 06:32
2026-03-14,MERCY,179176,V30903924,ICU,"M\XC3BC\ller, Elena",2026-03-12 00:41
2026-03-14,MERCY,188575240,V48064371,SURG2,"Garcia, Chlo\XC3A9\",2026-03-09 10:54
2026-03-14,MERCY,196178,V79292635,ICU,"Ivanova, Fatima",2026-03-10 07:53
2026-03-14,MERCY,206472,V78061374,ORTHO,"Dubois, Mei",2026-03-10 07:50
2026-03-14,MERCY,211776322,V48601444,ICU,"Kowalski, Chlo\XC3A9\",2026-03-10 16:43
2026-03-14,MERCY,236759,V41908128,ED,"Kowalski, Ren\XC3A9\",2026-03-13 13:37
2026-03-14,MERCY,242171134,V43621469,ICU,"Patel, Elena",2026-03-09 05:25
2026-03-14,MERCY,243654814,V93138563,ONC,"Ivanova, Ana",2026-03-13 05:36
2026-03-14,MERCY,248048,V52571783,ICU,"Dubois, Zo\XC3AB\",2026-03-10 09:03
2026-03-14,MERCY,248283,V78443134,ED,"Chen, S\XC3B8\ren",2026-03-13 07:49
2026-03-14,MERCY,258112206,V36935298,MED3,"Nguyen, Noah",2026-03-09 11:48
2026-03-14,MERCY,263744,V75542003,ONC,"Okafor, Mei",2026-03-10 14:37
2026-03-14,MERCY,305505,V20230525,ICU,"Patel, Ingrid",2026-03-09 19:24
2026-03-14,MERCY,309114,V69626210,ED,"Okafor, Grace",2026-03-09 23:48
2026-03-14,MERCY,325010,V19623478,MED3,"D\X27\Angelo, Kwame",2026-03-10 00:22
2026-03-14,MERCY,333924677,V19951251,ICU,"M\XC3BC\ller, Kwame",2026-03-10 12:01
2026-03-14,MERCY,339017,V88675383,ED,"O\X27\Brien, Grace",2026-03-09 13:03
2026-03-14,MERCY,341818351,V27012448,MED3,"Haddad, Tom\XC3A1\s",2026-03-12 19:16
2026-03-14,MERCY,350924,V68995966,CCU,"Kowalski, Chlo\XC3A9\",2026-03-13 11:53
2026-03-14,MERCY,395091,V67076154,ED,"Ryan, Grace",2026-03-13 16:15
2026-03-14,MERCY,421939495,V18804982,ORTHO,"Dubois, Ren\XC3A9\",2026-03-10 03:34
2026-03-14,MERCY,435833,V71737133,MED3,"Kowalski, Liam",2026-03-10 02:29
2026-03-14,MERCY,463005,V22665862,ONC,"Dubois, Owen",2026-03-10 21:37
2026-03-14,MERCY,487130787,V62154003,ONC,"Chen, Jos\XC3A9\",2026-03-13 10:25
2026-03-14,MERCY,493311,V18928485,MED3,"Lindqvist, S\XC3B8\ren",2026-03-09 08:28
2026-03-14,MERCY,521783664,V43851037,SURG2,"Lindqvist, Mei",2026-03-12 13:31
2026-03-14,MERCY,549308,V63481678,OBS,"Okafor, Chlo\XC3A9\",2026-03-11 06:32
2026-03-14,MERCY,565263062,V19752916,SURG2,"Kowalski, Jos\XC3A9\",2026-03-09 12:52
2026-03-14,MERCY,587585,V33307863,ONC,"Patel, Owen",2026-03-11 15:06
2026-03-14,MERCY,591447957,V57732441,ONC,"Lindqvist, Mei",2026-03-13 15:43
2026-03-14,MERCY,591508,V14839225,MED3,"Patel, Tom\XC3A1\s",2026-03-12 08:03
2026-03-14,MERCY,603910749,V40607263,ED,"Kowalski, Priya",2026-03-10 05:19
2026-03-14,MERCY,671622560,V38001486,SURG2,"Kowalski, Elena",2026-03-11 06:48
2026-03-14,MERCY,675185978,V74445750,MED3,"Haddad, Jos\XC3A9\",2026-03-11 05:28
2026-03-14,MERCY,678228362,V74792520,ONC,"Ivanova, Mei",2026-03-08 20:51
2026-03-14,MERCY,684467839,V80370368,ED,"Sch\XC3A4\fer, Priya",2026-03-10 11:23
2026-03-14,MERCY,684803,V66922241,ORTHO,"D\X27\Angelo, Owen",2026-03-09 13:05
2026-03-14,MERCY,689278,V72577478,ED,"D\X27\Angelo, Owen",2026-03-13 18:41
2026-03-14,MERCY,716710,V11044303,OBS,"Baker, Yusuf",2026-03-13 05:02
2026-03-14,MERCY,721127862,V62132351,ED,"Ivanova, Mei",2026-03-13 02:41
2026-03-14,MERCY,729511366,V98910114,CCU,"Nguyen, Ana",2026-03-12 07:50
2026-03-14,MERCY,737133,V96814803,MED3,"Smith, S\XC3B8\ren",2026-03-12 05:54
2026-03-14,MERCY,763014,V59674931,MED3,"Okafor, Chlo\XC3A9\",2026-03-10 01:09
2026-03-14,MERCY,765604,V60967207,ORTHO,"Smith, Ren\XC3A9\",2026-03-12 09:47
2026-03-14,MERCY,790209578,V83679138,ONC,"Baker, Yusuf",2026-03-10 20:59
2026-03-14,MERCY,812850,V21574099,OBS,"Smith, Priya",2026-03-12 15:41
2026-03-14,MERCY,818660,V56042832,ORTHO,"Baker, Elena",2026-03-12 12:32
2026-03-14,MERCY,834852020,V54579186,CCU,"Dubois, Liam",2026-03-10 11:00
2026-03-14,MERCY,854247,V83639135,OBS,"Chen, Grace",2026-03-09 12:27
2026-03-14,MERCY,862964,V11390636,OBS,"Okafor, Tom\XC3A1\s",2026-03-13 09:04
2026-03-14,MERCY,897142,V31472515,CCU,"Garcia, Mei",2026-03-07 22:14
2026-03-14,MERCY,925237,V99341218,CCU,"Ivanova, Grace",2026-03-11 17:54
2026-03-14,MERCY,947469,V99147448,OBS,"Patel, Noah",2026-03-07 16:35
2026-03-14,MERCY,948554,V48453759,MED3,"Fern\XC3A1\ndez, Liam",2026-03-09 05:52
2026-03-14,MERCY,959332,V52117745,OBS,"Fern\XC3A1\ndez, Mei",2026-03-09 08:21
2026-03-14,RVW,100246,V28197901,ICU,"Patel, Ren\XC3A9\",2026-03-07 00:10
2026-03-14,RVW,156124,V67617044,SURG2,"Fern\XC3A1\ndez, Ren\XC3A9\",2026-03-10 10:45
2026-03-14,RVW,158108,V32468358,CCU,"Fern\XC3A1\ndez, Jos\XC3A9\",2026-03-14 16:54
2026-03-14,RVW,174479,V50131061,MED3,"Smith, S\XC3B8\ren",2026-03-07 00:45
2026-03-14,RVW,181944820,V72874626,MED3,"Haddad, Ren\XC3A9\",2026-03-10 18:05
2026-03-14,RVW,201532146,V84962215,CCU,"Patel, Grace",2026-03-14 15:05
2026-03-14,RVW,207868,V71349835,ICU,"Sch\XC3A4\fer, Ren\XC3A9\",2026-03-10 20:59
2026-03-14,RVW,219595,V95225032,OBS,"D\X27\Angelo, Liam",2026-03-11 02:18
2026-03-14,RVW,239343088,V30111232,ORTHO,"Patel, Priya",2026-03-12 08:42
2026-03-14,RVW,243355,V33959470,ICU,"Ryan, Chlo\XC3A9\",2026-03-14 19:55
2026-03-14,RVW,252358,V42466379,CCU,"Garcia, Noah",2026-03-13 08:50
2026-03-14,RVW,264636,V69336562,CCU,"Ryan, Priya",2026-03-14 02:51
2026-03-14,RVW,286652231,V48576665,ORTHO,"Haddad, Priya",2026-03-10 16:39
2026-03-14,RVW,297005,V51372344,ICU,"Lindqvist, Liam",2026-03-10 06:04
2026-03-14,RVW,306630,V37430017,ED,"Haddad, Grace",2026-03-13 02:23
2026-03-14,RVW,313845298,V85807733,CCU,"O\X27\Brien, Noah",2026-03-12 20:11
2026-03-14,RVW,317146,V93128047,ED,"Haddad, Yusuf",2026-03-13 12:33
2026-03-14,RVW,320878,V49847925,ICU,"Dubois, Elena",2026-03-11 19:17
2026-03-14,RVW,328086015,V63238037,CCU,"Smith, Elena",2026-03-09 16:52
2026-03-14,RVW,329581,V85963666,ONC,"Ryan, Noah",2026-03-13 11:36
2026-03-14,RVW,347862,V38476827,ONC,"Garcia, Priya",2026-03-14 13:11
2026-03-14,RVW,360704,V91775112,ICU,"Ryan, Jos\XC3A9\",2026-03-14 09:38
2026-03-14,RVW,369865264,V80375751,CCU,"O\X27\Brien, Fatima",2026-03-09 08:45
2026-03-14,RVW,376988,V34912181,ONC,"Ryan, Chlo\XC3A9\",2026-03-09 14:52
2026-03-14,RVW,378505,V73286635,OBS,"Ryan, Kwame",2026-03-12 13:09
2026-03-14,RVW,423682089,V50702240,MED3,"Sch\XC3A4\fer, Jos\XC3A9\",2026-03-12 08:58
2026-03-14,RVW,425027531,V87887229,CCU,"M\XC3BC\ller, Liam",2026-03-13 05:59
2026-03-14,RVW,440873,V57257275,OBS,"Ivanova, Elena",2026-03-13 19:16
2026-03-14,RVW,443543359,V96389682,MED3,"Patel, S\XC3B8\ren",2026-03-14 08:43
2026-03-14,RVW,446784,V19438883,ED,"Sch\XC3A4\fer, Ana",2026-03-12 08:36
2026-03-14,RVW,460294258,V46017956,ICU,"Okafor, Chlo\XC3A9\",2026-03-10 00:13
2026-03-14,RVW,472405728,V63017614,CCU,"O\X27\Brien, Kwame",2026-03-11 22:18
2026-03-14,RVW,486508868,V42733812,CCU,"Sch\XC3A4\fer, Mei",2026-03-10 11:01
2026-03-14,RVW,522802578,V78502400,OBS,"Garcia, Mei",2026-03-13 04:10
2026-03-14,RVW,530459228,V35623662,ORTHO,"M\XC3BC\ller, S\XC3B8\ren",2026-03-14 02:46
2026-03-14,RVW,534967195,V15801144,OBS,"Haddad, Grace",2026-03-11 09:57
2026-03-14,RVW,560537240,V41629436,CCU,"Baker, Priya",2026-03-11 09:56
2026-03-14,RVW,567220,V32685503,SURG2,"Haddad, Fatima",2026-03-10 01:21
2026-03-14,RVW,585897,V73916389,ICU,"Patel, Liam",2026-03-12 03:12
2026-03-14,RVW,586615132,V14640827,OBS,"Ryan, Jos\XC3A9\",2026-03-13 18:57
2026-03-14,RVW,595062,V39566901,MED3,"D\X27\Angelo, Fatima",2026-03-10 08:55
2026-03-14,RVW,596441,V61405021,MED3,"O\X27\Brien, Jos\XC3A9\",2026-03-10 22:20
2026-03-14,RVW,596650,V28231377,OBS,"Ivanova, Jos\XC3A9\",2026-03-12 06:59
2026-03-14,RVW,610459967,V19329956,ORTHO,"Chen, Priya",2026-03-14 21:53
2026-03-14,RVW,623317250,V46957111,ICU,"Fern\XC3A1\ndez, Ana",2026-03-14 03:01
2026-03-14,RVW,626496,V31254375,OBS,"D\X27\Angelo, Zo\XC3AB\",2026-03-12 20:29
2026-03-14,RVW,630216,V56735031,ICU,"Patel, Ingrid",2026-03-10 05:10
2026-03-14,RVW,637914429,V60639400,MED3,"Ryan, Tom\XC3A1\s",2026-03-09 15:16
2026-03-14,RVW,651411360,V80148932,CCU,"M\XC3BC\ller, Ren\XC3A9\",2026-03-14 02:25
2026-03-14,RVW,670944,V13785597,SURG2,"Nguyen, Elena",2026-03-11 07:32
2026-03-14,RVW,686477270,V77527465,SURG2,"O\X27\Brien, Noah",2026-03-12 00:32
2026-03-14,RVW,689104123,V19540409,SURG2,"Smith, Grace",2026-03-14 07:18
2026-03-14,RVW,716315642,V55823260,OBS,"Nguyen, Priya",2026-03-13 00:26
2026-03-14,RVW,726194,V95089170,ED,"O\X27\Brien, Liam",2026-03-09 15:12
2026-03-14,RVW,735480446,V70277497,ORTHO,"Dubois, Jos\XC3A9\",2026-03-11 20:32
2026-03-14,RVW,776443754,V86218828,ONC,"Sch\XC3A4\fer, Ren\XC3A9\",2026-03-14 03:29
2026-03-14,RVW,776738136,V67785324,ONC,"Patel, Ana",2026-03-14 12:19
2026-03-14,RVW,779776336,V38246179,ED,"Haddad, Owen",2026-03-11 05:43
2026-03-14,RVW,793059,V65807668,ONC,"Sch\XC3A4\fer, Owen",2026-03-09 09:09
2026-03-14,RVW,797798,V94981563,ICU,"Haddad, Grace",2026-03-09 11:52
2026-03-14,RVW,813416027,V98736873,ICU,"Garcia, Tom\XC3A1\s",2026-03-11 22:04
2026-03-14,RVW,831252,V64740812,MED3,"Fern\XC3A1\ndez, S\XC3B8\ren",2026-03-14 20:55
2026-03-14,RVW,837099622,V16887382,ED,"Ryan, Jos\XC3A9\",2026-03-14 22:25
2026-03-14,RVW,838374,V21272008,ICU,"Ivanova, Mei",2026-03-13 19:39
2026-03-14,RVW,846564,V68164493,OBS,"Baker, Priya",2026-03-12 15:46
2026-03-14,RVW,851547,V54532138,ED,"Baker, Mei",2026-03-14 02:34
2026-03-14,RVW,852033928,V71921321,ED,"Ryan, Chlo\XC3A9\",2026-03-11 10:57
2026-03-14,RVW,852092,V11325684,MED3,"Patel, Kwame",2026-03-10 22:19
2026-03-14,RVW,860647,V97978551,OBS,"Kowalski, Mei",2026-03-11 05:07
2026-03-14,RVW,865252,V84661652,ED,"Patel, Fatima",2026-03-09 12:38
2026-03-14,RVW,888455,V74279320,ED,"Fern\XC3A1\ndez, Mei",2026-03-06 12:32
2026-03-14,RVW,911715,V68989127,ICU,"M\XC3BC\ller, Liam",2026-03-14 19:29
2026-03-14,RVW,923779,V28323021,ED,"Ivanova, Grace",2026-03-10 01:40
2026-03-14,RVW,937652,V25136141,SURG2,"Okafor, Liam",2026-03-09 19:30
2026-03-14,RVW,939993,V35737106,SURG2,"Ryan, Zo\XC3AB\",2026-03-14 15:02
2026-03-14,RVW,959951,V99276589,CCU,"Haddad, Liam",2026-03-14 18:23
2026-03-14,RVW,977714,V88632703,MED3,"M\XC3BC\ller, Yusuf",2026-03-10 17:17
2026-03-14,RVW,986427,V67933928,ORTHO,"Patel, Priya",2026-03-10 15:43
2026-03-14,SLH,100516918,V59972329,ONC,"Smith, S\XC3B8\ren",2026-03-13 02:45
2026-03-14,SLH,113953,V86154656,ORTHO,"Garcia, Tom\XC3A1\s",2026-03-13 00:03
2026-03-14,SLH,122931569,V71540152,CCU,"Okafor, Zo\XC3AB\",2026-03-13 11:31
2026-03-14,SLH,127285,V12502193,SURG2,"D\X27\Angelo, Grace",2026-03-11 22:06
2026-03-14,SLH,146305376,V82642847,ORTHO,"Ryan, Priya",2026-03-13 06:44
2026-03-14,SLH,149093757,V42850097,CCU,"Dubois, Fatima",2026-03-09 14:31
2026-03-14,SLH,149478,V66695251,MED3,"Chen, Jos\XC3A9\",2026-03-11 09:59
2026-03-14,SLH,158858,V70359510,CCU,"Ryan, Zo\XC3AB\",2026-03-12 20:55
2026-03-14,SLH,166490,V27022158,ED,"Fern\XC3A1\ndez, Ingrid",2026-03-13 05:39
2026-03-14,SLH,169213,V76365544,ED,"Ryan, Zo\XC3AB\",2026-03-11 14:35
2026-03-14,SLH,174001566,V24724724,ORTHO,"Chen, Fatima",2026-03-12 19:54
2026-03-14,SLH,176120,V78299355,ICU,"Fern\XC3A1\ndez, Fatima",2026-03-07 13:47
2026-03-14,SLH,177339885,V79911366,MED3,"Nguyen, Jos\XC3A9\",2026-03-12 08:57
2026-03-14,SLH,209678,V76802318,SURG2,"M\XC3BC\ller, Priya",2026-03-13 00:00
2026-03-14,SLH,247179847,V63592259,ED,"M\XC3BC\ller, Ren\XC3A9\",2026-03-09 22:52
2026-03-14,SLH,249693372,V55689598,OBS,"Nguyen, Ana",2026-03-13 20:45
2026-03-14,SLH,274854639,V48630385,CCU,"Nguyen, Grace",2026-03-12 18:56
2026-03-14,SLH,287956323,V44041597,CCU,"Smith, Kwame",2026-03-13 12:36
2026-03-14,SLH,297578,V16686495,SURG2,"Okafor, Chlo\XC3A9\",2026-03-09 17:41
2026-03-14,SLH,312326,V79596974,MED3,"Smith, Ren\XC3A9\",2026-03-11 12:22
2026-03-14,SLH,314796,V47800503,CCU,"Chen, Tom\XC3A1\s",2026-03-10 18:56
2026-03-14,SLH,320986979,V64138092,OBS,"Ivanova, Jos\XC3A9\",2026-03-11 12:26
2026-03-14,SLH,338288,V67854587,OBS,"Patel, Jos\XC3A9\",2026-03-08 15:12
2026-03-14,SLH,350258,V57275398,CCU,"Kowalski, Kwame",2026-03-12 21:05
2026-03-14,SLH,355744,V39402014,OBS,"Baker, S\XC3B8\ren",2026-03-09 06:47
2026-03-14,SLH,380640,V31240159,MED3,"M\XC3BC\ller, Kwame",2026-03-09 02:44
2026-03-14,SLH,399958745,V34569476,CCU,"Ryan, Grace",2026-03-13 21:15
2026-03-14,SLH,416502,V67756501,ORTHO,"Kowalski, Ingrid",2026-03-09 13:04
2026-03-14,SLH,422380220,V59889925,CCU,"Patel, Owen",2026-03-13 01:44
2026-03-14,SLH,430826,V76865474,OBS,"Haddad, Mei",2026-03-12 17:12
2026-03-14,SLH,435606073,V87770626,MED3,"Sch\XC3A4\fer, Fatima",2026-03-07 06:17
2026-03-14,SLH,437765,V95411893,CCU,"Smith, Ingrid",2026-03-10 16:00
2026-03-14,SLH,441736386,V49474524,MED3,"Garcia, Grace",2026-03-13 23:00
2026-03-14,SLH,442468830,V64273782,ED,"Baker, S\XC3B8\ren",2026-03-14 04:15
2026-03-14,SLH,454659,V57280888,MED3,"Patel, Fatima",2026-03-13 16:59
2026-03-14,SLH,458824,V75178077,ED,"Nguyen, Ren\XC3A9\",2026-03-11 09:01
2026-03-14,SLH,461790,V99817102,CCU,"Smith, Kwame",2026-03-11 23:23
2026-03-14,SLH,512418277,V69382279,ED,"D\X27\Angelo, Liam",2026-03-12 01:18
2026-03-14,SLH,515105761,V16852431,SURG2,"Lindqvist, Chlo\XC3A9\",2026-03-10 04:13
2026-03-14,SLH,521095,V53077450,ONC,"Lindqvist, Zo\XC3AB\",2026-03-13 07:41
2026-03-14,SLH,521418,V90647447,ONC,"Patel, Ren\XC3A9\",2026-03-09 13:06
2026-03-14,SLH,551222765,V25588867,CCU,"Dubois, Ingrid",2026-03-06 14:47
2026-03-14,SLH,555031868,V23805072,ED,"Smith, Liam",2026-03-11 02:09
2026-03-14,SLH,562392,V10881433,MED3,"Ryan, Grace",2026-03-09 20:42
2026-03-14,SLH,573587,V69920620,OBS,"Patel, Ana",2026-03-10 14:04
2026-03-14,SLH,586793269,V58161034,ICU,"Baker, Yusuf",2026-03-09 15:55
2026-03-14,SLH,623890615,V73339849,ORTHO,"O\X27\Brien, Elena",2026-03-13 14:55
2026-03-14,SLH,630294,V63896120,MED3,"D\X27\Angelo, Priya",2026-03-10 02:35
2026-03-14,SLH,633709,V82744892,MED3,"Lindqvist, Zo\XC3AB\",2026-03-12 02:29
2026-03-14,SLH,651192,V97122883,SURG2,"Fern\XC3A1\ndez, Elena",2026-03-10 22:28
2026-03-14,SLH,667698488,V81034295,MED3,"Lindqvist, S\XC3B8\ren",2026-03-12 13:28
2026-03-14,SLH,693621,V46136641,ED,"Ryan, Jos\XC3A9\",2026-03-10 16:13
2026-03-14,SLH,697705729,V20814682,SURG2,"Kowalski, S\XC3B8\ren",2026-03-12 08:53
2026-03-14,SLH,727888071,V94879951,CCU,"Garcia, Mei",2026-03-10 03:39
2026-03-14,SLH,746188,V89100347,ONC,"Dubois, Grace",2026-03-07 18:28
2026-03-14,SLH,763627174,V44620897,OBS,"Nguyen, Ana",2026-03-11 11:56
2026-03-14,SLH,782077,V80534957,OBS,"Ryan, Liam",2026-03-06 21:07
2026-03-14,SLH,786077702,V38412529,SURG2,"Sch\XC3A4\fer, Ren\XC3A9\",2026-03-12 22:07
2026-03-14,SLH,797961,V61364093,CCU,"Baker, Ingrid",2026-03-12 13:58
2026-03-14,SLH,805951976,V41116148,OBS,"Smith, Zo\XC3AB\",2026-03-13 12:20
2026-03-14,SLH,807745801,V96901664,OBS,"Chen, Priya",2026-03-11 11:17
2026-03-14,SLH,837766391,V39915041,ED,"Nguyen, Grace",2026-03-10 07:19
2026-03-14,SLH,851709,V42888332,OBS,"Fern\XC3A1\ndez, Zo\XC3AB\",2026-03-09 16:19
2026-03-14,SLH,854972350,V63638890,OBS,"Smith, S\XC3B8\ren",2026-03-14 05:12
2026-03-14,SLH,857911,V36088959,SURG2,"O\X27\Brien, Ren\XC3A9\",2026-03-11 10:46
2026-03-14,SLH,888452,V55451088,SURG2,"Okafor, Ingrid",2026-03-13 00:05
2026-03-14,SLH,889255,V59484779,ED,"Nguyen, Mei",2026-03-13 01:30
2026-03-14,SLH,899201,V81558914,MED3,"O\X27\Brien, Ingrid",2026-03-06 00:20
2026-03-14,SLH,925637,V49672110,SURG2,"Fern\XC3A1\ndez, Chlo\XC3A9\",2026-03-12 07:09
2026-03-14,SLH,930324,V81262287,ORTHO,"Haddad, Ren\XC3A9\",2026-03-09 01:06
2026-03-15,MERCY,106386021,V75614693,MED3,"Chen, Jos\XC3A9\",2026-03-12 11:20
2026-03-15,MERCY,130691,V92771413,SURG2,"Smith, Noah",2026-03-13 06:10
2026-03-15,MERCY,135922,V99380491,MED3,"O\X27\Brien, Liam",2026-03-11 01:59
2026-03-15,MERCY,166867,V42698205,ORTHO,"Fern\XC3A1\ndez, Fatima",2026-03-10 06:32
2026-03-15,MERCY,179176,V30903924,ICU,"M\XC3BC\ller, Elena",2026-03-12 00:41
2026-03-15,MERCY,188575240,V48064371,SURG2,"Garcia, Chlo\XC3A9\",2026-03-09 10:54
2026-03-15,MERCY,196178,V79292635,ICU,"Ivanova, Fatima",2026-03-10 07:53
2026-03-15,MERCY,206472,V78061374,ORTHO,"Dubois, Mei",2026-03-10 07:50
2026-03-15,MERCY,211776322,V48601444,ICU,"Kowalski, Chlo\XC3A9\",2026-03-10 16:43
2026-03-15,MERCY,236759,V41908128,ED,"Kowalski, Ren\XC3A9\",2026-03-13 13:37
2026-03-15,MERCY,242171134,V43621469,ICU,"Patel, Elena",2026-03-09 05:25
2026-03-15,MERCY,243654814,V93138563,ONC,"Ivanova, Ana",2026-03-13 05:36
2026-03-15,MERCY,248048,V52571783,ICU,"Dubois, Zo\XC3AB\",2026-03-10 09:03
2026-03-15,MERCY,248283,V78443134,ED,"Chen, S\XC3B8\ren",2026-03-13 07:49
2026-03-15,MERCY,258112206,V36935298,MED3,"Nguyen, Noah",2026-03-09 11:48
2026-03-15,MERCY,263744,V75542003,ONC,"Okafor, Mei",2026-03-10 14:37
2026-03-15,MERCY,305505,V20230525,ICU,"Patel, Ingrid",2026-03-09 19:24
2026-03-15,MERCY,309114,V69626210,ED,"Okafor, Grace",2026-03-09 23:48
2026-03-15,MERCY,325010,V19623478,MED3,"D\X27\Angelo, Kwame",2026-03-10 00:22
2026-03-15,MERCY,333924677,V19951251,ICU,"M\XC3BC\ller, Kwame",2026-03-10 12:01
2026-03-15,MERCY,339017,V88675383,ED,"O\X27\Brien, Grace",2026-03-09 13:03
2026-03-15,MERCY,341818351,V27012448,MED3,"Haddad, Tom\XC3A1\s",2026-03-12 19:16
2026-03-15,MERCY,350924,V68995966,CCU,"Kowalski, Chlo\XC3A9\",2026-03-13 11:53
2026-03-15,MERCY,395091,V67076154,ED,"Ryan, Grace",2026-03-13 16:15
2026-03-15,MERCY,421939495,V18804982,ORTHO,"Dubois, Ren\XC3A9\",2026-03-10 03:34
2026-03-15,MERCY,435833,V71737133,MED3,"Kowalski, Liam",2026-03-10 02:29
2026-03-15,MERCY,463005,V22665862,ONC,"Dubois, Owen",2026-03-10 21:37
2026-03-15,MERCY,487130787,V62154003,ONC,"Chen, Jos\XC3A9\",2026-03-13 10:25
2026-03-15,MERCY,493311,V18928485,MED3,"Lindqvist, S\XC3B8\ren",2026-03-09 08:28
2026-03-15,MERCY,521783664,V43851037,SURG2,"Lindqvist, Mei",2026-03-12 13:31
2026-03-15,MERCY,549308,V63481678,OBS,"Okafor, Chlo\XC3A9\",2026-03-11 06:32
2026-03-15,MERCY,565263062,V19752916,SURG2,"Kowalski, Jos\XC3A9\",2026-03-09 12:52
2026-03-15,MERCY,587585,V33307863,ONC,"Patel, Owen",2026-03-11 15:06
2026-03-15,MERCY,591447957,V57732441,ONC,"Lindqvist, Mei",2026-03-13 15:43
2026-03-15,MERCY,591508,V14839225,MED3,"Patel, Tom\XC3A1\s",2026-03-12 08:03
2026-03-15,MERCY,603910749,V40607263,ED,"Kowalski, Priya",2026-03-10 05:19
2026-03-15,MERCY,671622560,V38001486,SURG2,"Kowalski, Elena",2026-03-11 06:48
2026-03-15,MERCY,675185978,V74445750,MED3,"Haddad, Jos\XC3A9\",2026-03-11 05:28
2026-03-15,MERCY,678228362,V74792520,ONC,"Ivanova, Mei",2026-03-08 20:51
2026-03-15,MERCY,684467839,V80370368,ED,"Sch\XC3A4\fer, Priya",2026-03-10 11:23
2026-03-15,MERCY,684803,V66922241,ORTHO,"D\X27\Angelo, Owen",2026-03-09 13:05
2026-03-15,MERCY,689278,V72577478,ED,"D\X27\Angelo, Owen",2026-03-13 18:41
2026-03-15,MERCY,716710,V11044303,OBS,"Baker, Yusuf",2026-03-13 05:02
2026-03-15,MERCY,721127862,V62132351,ED,"Ivanova, Mei",2026-03-13 02:41
2026-03-15,MERCY,729511366,V98910114,CCU,"Nguyen, Ana",2026-03-12 07:50
2026-03-15,MERCY,737133,V96814803,MED3,"Smith, S\XC3B8\ren",2026-03-12 05:54
2026-03-15,MERCY,763014,V59674931,MED3,"Okafor, Chlo\XC3A9\",2026-03-10 01:09
2026-03-15,MERCY,765604,V60967207,ORTHO,"Smith, Ren\XC3A9\",2026-03-12 09:47
2026-03-15,MERCY,790209578,V83679138,ONC,"Baker, Yusuf",2026-03-10 20:59
2026-03-15,MERCY,812850,V21574099,OBS,"Smith, Priya",2026-03-12 15:41
2026-03-15,MERCY,818660,V56042832,ORTHO,"Baker, Elena",2026-03-12 12:32
2026-03-15,MERCY,834852020,V54579186,CCU,"Dubois, Liam",2026-03-10 11:00
2026-03-15,MERCY,854247,V83639135,OBS,"Chen, Grace",2026-03-09 12:27
2026-03-15,MERCY,862964,V11390636,OBS,"Okafor, Tom\XC3A1\s",2026-03-13 09:04
2026-03-15,MERCY,897142,V31472515,CCU,"Garcia, Mei",2026-03-07 22:14
2026-03-15,MERCY,925237,V99341218,CCU,"Ivanova, Grace",2026-03-11 17:54
2026-03-15,MERCY,947469,V99147448,OBS,"Patel, Noah",2026-03-07 16:35
2026-03-15,MERCY,948554,V48453759,MED3,"Fern\XC3A1\ndez, Liam",2026-03-09 05:52
2026-03-15,MERCY,959332,V52117745,OBS,"Fern\XC3A1\ndez, Mei",2026-03-09 08:21
2026-03-15,RVW,100246,V28197901,ICU,"Patel, Ren\XC3A9\",2026-03-07 00:10
2026-03-15,RVW,130033,V17772192,ICU,"Chen, Tom\XC3A1\s",2026-03-15 00:41
2026-03-15,RVW,156124,V67617044,SURG2,"Fern\XC3A1\ndez, Ren\XC3A9\",2026-03-10 10:45
2026-03-15,RVW,158108,V32468358,CCU,"Fern\XC3A1\ndez, Jos\XC3A9\",2026-03-14 16:54
2026-03-15,RVW,171614340,V39074462,ICU,"O\X27\Brien, Yusuf",2026-03-15 04:11
2026-03-15,RVW,174479,V50131061,MED3,"Smith, S\XC3B8\ren",2026-03-07 00:45
2026-03-15,RVW,188150,V21600473,CCU,"Garcia, Mei",2026-03-15 05:14
2026-03-15,RVW,201532146,V84962215,CCU,"Patel, Grace",2026-03-14 15:05
2026-03-15,RVW,207868,V71349835,ICU,"Sch\XC3A4\fer, Ren\XC3A9\",2026-03-10 20:59
2026-03-15,RVW,219595,V95225032,OBS,"D\X27\Angelo, Liam",2026-03-11 02:18
2026-03-15,RVW,239343088,V30111232,ORTHO,"Patel, Priya",2026-03-12 08:42
2026-03-15,RVW,243355,V33959470,ICU,"Ryan, Chlo\XC3A9\",2026-03-14 19:55
2026-03-15,RVW,252358,V42466379,CCU,"Garcia, Noah",2026-03-13 08:50
2026-03-15,RVW,264636,V69336562,CCU,"Ryan, Priya",2026-03-14 02:51
2026-03-15,RVW,286652231,V48576665,ORTHO,"Haddad, Priya",2026-03-10 16:39
2026-03-15,RVW,297005,V51372344,ICU,"Lindqvist, Liam",2026-03-10 06:04
2026-03-15,RVW,306630,V37430017,ED,"Haddad, Grace",2026-03-13 02:23
2026-03-15,RVW,313845298,V85807733,CCU,"O\X27\Brien, Noah",2026-03-12 20:11
2026-03-15,RVW,317146,V93128047,ED,"Haddad, Yusuf",2026-03-13 12:33
2026-03-15,RVW,320878,V49847925,ICU,"Dubois, Elena",2026-03-11 19:17
2026-03-15,RVW,328086015,V63238037,CCU,"Smith, Elena",2026-03-09 16:52
2026-03-15,RVW,347862,V38476827,ONC,"Garcia, Priya",2026-03-14 13:11
2026-03-15,RVW,352085,V74630437,ED,"Fern\XC3A1\ndez, Mei",2026-03-15 04:05
2026-03-15,RVW,359605,V10715582,ONC,"O\X27\Brien, Tom\XC3A1\s",2026-03-15 11:31
2026-03-15,RVW,360704,V91775112,ICU,"Ryan, Jos\XC3A9\",2026-03-14 09:38
2026-03-15,RVW,369865264,V80375751,CCU,"O\X27\Brien, Fatima",2026-03-09 08:45
2026-03-15,RVW,376988,V34912181,ONC,"Ryan, Chlo\XC3A9\",2026-03-09 14:52
2026-03-15,RVW,378505,V73286635,OBS,"Ryan, Kwame",2026-03-12 13:09
2026-03-15,RVW,383693815,V29468464,ONC,"M\XC3BC\ller, Grace",2026-03-15 17:21
2026-03-15,RVW,423682089,V50702240,MED3,"Sch\XC3A4\fer, Jos\XC3A9\",2026-03-12 08:58
2026-03-15,RVW,425027531,V87887229,CCU,"M\XC3BC\ller, Liam",2026-03-13 05:59
2026-03-15,RVW,440873,V57257275,OBS,"Ivanova, Elena",2026-03-13 19:16
2026-03-15,RVW,443543359,V96389682,MED3,"Patel, S\XC3B8\ren",2026-03-14 08:43
2026-03-15,RVW,446784,V19438883,ED,"Sch\XC3A4\fer, Ana",2026-03-12 08:36
2026-03-15,RVW,460294258,V46017956,ICU,"Okafor, Chlo\XC3A9\",2026-03-10 00:13
2026-03-15,RVW,472405728,V63017614,CCU,"O\X27\Brien, Kwame",2026-03-11 22:18
2026-03-15,RVW,486508868,V42733812,CCU,"Sch\XC3A4\fer, Mei",2026-03-10 11:01
2026-03-15,RVW,530459228,V35623662,ORTHO,"M\XC3BC\ller, S\XC3B8\ren",2026-03-14 02:46
2026-03-15,RVW,534967195,V15801144,OBS,"Haddad, Grace",2026-03-11 09:57
2026-03-15,RVW,560537240,V41629436,CCU,"Baker, Priya",2026-03-11 09:56
2026-03-15,RVW,567220,V32685503,SURG2,"Haddad, Fatima",2026-03-10 01:21
2026-03-15,RVW,585897,V73916389,ICU,"Patel, Liam",2026-03-12 03:12
2026-03-15,RVW,586615132,V14640827,OBS,"Ryan, Jos\XC3A9\",2026-03-13 18:57
2026-03-15,RVW,595062,V39566901,MED3,"D\X27\Angelo, Fatima",2026-03-10 08:55
2026-03-15,RVW,596441,V61405021,MED3,"O\X27\Brien, Jos\XC3A9\",2026-03-10 22:20
2026-03-15,RVW,596650,V28231377,OBS,"Ivanova, Jos\XC3A9\",2026-03-12 06:59
2026-03-15,RVW,610459967,V19329956,ORTHO,"Chen, Priya",2026-03-14 21:53
2026-03-15,RVW,613764431,V78172234,ED,"Nguyen, Mei",2026-03-15 12:59
2026-03-15,RVW,623317250,V46957111,ICU,"Fern\XC3A1\ndez, Ana",2026-03-14 03:01
2026-03-15,RVW,626496,V31254375,OBS,"D\X27\Angelo, Zo\XC3AB\",2026-03-12 20:29
2026-03-15,RVW,629070,V49470522,ED,"Chen, Chlo\XC3A9\",2026-03-15 09:53
2026-03-15,RVW,630216,V56735031,ICU,"Patel, Ingrid",2026-03-10 05:10
2026-03-15,RVW,637914429,V60639400,MED3,"Ryan, Tom\XC3A1\s",2026-03-09 15:16
2026-03-15,RVW,651411360,V80148932,CCU,"M\XC3BC\ller, Ren\XC3A9\",2026-03-14 02:25
2026-03-15,RVW,670944,V13785597,SURG2,"Nguyen, Elena",2026-03-11 07:32
2026-03-15,RVW,686477270,V77527465,SURG2,"O\X27\Brien, Noah",2026-03-12 00:32
2026-03-15,RVW,689104123,V19540409,SURG2,"Smith, Grace",2026-03-14 07:18
2026-03-15,RVW,714184729,V86363807,ICU,"O\X27\Brien, S\XC3B8\ren",2026-03-15 14:29
2026-03-15,RVW,716315642,V55823260,OBS,"Nguyen, Priya",2026-03-13 00:26
2026-03-15,RVW,726194,V95089170,ED,"O\X27\Brien, Liam",2026-03-09 15:12
2026-03-15,RVW,727540,V90806406,MED3,"D\X27\Angelo, Grace",2026-03-15 02:36
2026-03-15,RVW,735480446,V70277497,ORTHO,"Dubois, Jos\XC3A9\",2026-03-11 20:32
2026-03-15,RVW,776443754,V86218828,ONC,"Sch\XC3A4\fer, Ren\XC3A9\",2026-03-14 03:29
2026-03-15,RVW,776738136,V67785324,ONC,"Patel, Ana",2026-03-14 12:19
2026-03-15,RVW,779776336,V38246179,ED,"Haddad, Owen",2026-03-11 05:43
2026-03-15,RVW,793059,V65807668,ONC,"Sch\XC3A4\fer, Owen",2026-03-09 09:09
2026-03-15,RVW,797798,V94981563,ICU,"Haddad, Grace",2026-03-09 11:52
2026-03-15,RVW,813416027,V98736873,ICU,"Garcia, Tom\XC3A1\s",2026-03-11 22:04
2026-03-15,RVW,831252,V64740812,MED3,"Fern\XC3A1\ndez, S\XC3B8\ren",2026-03-14 20:55
2026-03-15,RVW,837099622,V16887382,ED,"Ryan, Jos\XC3A9\",2026-03-14 22:25
2026-03-15,RVW,838374,V21272008,ICU,"Ivanova, Mei",2026-03-13 19:39
2026-03-15,RVW,846564,V68164493,OBS,"Baker, Priya",2026-03-12 15:46
2026-03-15,RVW,851547,V54532138,ED,"Baker, Mei",2026-03-14 02:34
2026-03-15,RVW,852033928,V71921321,ED,"Ryan, Chlo\XC3A9\",2026-03-11 10:57
2026-03-15,RVW,852092,V11325684,MED3,"Patel, Kwame",2026-03-10 22:19
2026-03-15,RVW,859577562,V24713879,CCU,"Garcia, Elena",2026-03-15 02:52
2026-03-15,RVW,860647,V97978551,OBS,"Kowalski, Mei",2026-03-11 05:07
2026-03-15,RVW,865252,V84661652,ED,"Patel, Fatima",2026-03-09 12:38
2026-03-15,RVW,888455,V74279320,ED,"Fern\XC3A1\ndez, Mei",2026-03-06 12:32
2026-03-15,RVW,911715,V68989127,ICU,"M\XC3BC\ller, Liam",2026-03-14 19:29
2026-03-15,RVW,937652,V25136141,SURG2,"Okafor, Liam",2026-03-09 19:30
2026-03-15,RVW,939993,V35737106,SURG2,"Ryan, Zo\XC3AB\",2026-03-14 15:02
2026-03-15,RVW,955296,V72163468,ONC,"Sch\XC3A4\fer, Chlo\XC3A9\",2026-03-15 16:39
2026-03-15,RVW,959951,V99276589,CCU,"Haddad, Liam",2026-03-14 18:23
2026-03-15,RVW,977714,V88632703,MED3,"M\XC3BC\ller, Yusuf",2026-03-10 17:17
2026-03-15,RVW,986427,V67933928,ORTHO,"Patel, Priya",2026-03-10 15:43
2026-03-15,RVW,987002,V81902691,MED3,"Sch\XC3A4\fer, Ana",2026-03-15 09:39
2026-03-15,SLH,100516918,V59972329,ONC,"Smith, S\XC3B8\ren",2026-03-13 02:45
2026-03-15,SLH,113953,V86154656,ORTHO,"Garcia, Tom\XC3A1\s",2026-03-13 00:03
2026-03-15,SLH,122931569,V71540152,CCU,"Okafor, Zo\XC3AB\",2026-03-13 11:31
2026-03-15,SLH,127285,V12502193,SURG2,"D\X27\Angelo, Grace",2026-03-11 22:06
2026-03-15,SLH,146305376,V82642847,ORTHO,"Ryan, Priya",2026-03-13 06:44
2026-03-15,SLH,149093757,V42850097,CCU,"Dubois, Fatima",2026-03-09 14:31
2026-03-15,SLH,149478,V66695251,MED3,"Chen, Jos\XC3A9\",2026-03-11 09:59
2026-03-15,SLH,158858,V70359510,CCU,"Ryan, Zo\XC3AB\",2026-03-12 20:55
2026-03-15,SLH,166490,V27022158,ED,"Fern\XC3A1\ndez, Ingrid",2026-03-13 05:39
2026-03-15,SLH,169213,V76365544,ED,"Ryan, Zo\XC3AB\",2026-03-11 14:35
2026-03-15,SLH,174001566,V24724724,ORTHO,"Chen, Fatima",2026-03-12 19:54
2026-03-15,SLH,176120,V78299355,ICU,"Fern\XC3A1\ndez, Fatima",2026-03-07 13:47
2026-03-15,SLH,177339885,V79911366,MED3,"Nguyen, Jos\XC3A9\",2026-03-12 08:57
2026-03-15,SLH,209678,V76802318,SURG2,"M\XC3BC\ller, Priya",2026-03-13 00:00
2026-03-15,SLH,247179847,V63592259,ED,"M\XC3BC\ller, Ren\XC3A9\",2026-03-09 22:52
2026-03-15,SLH,249693372,V55689598,OBS,"Nguyen, Ana",2026-03-13 20:45
2026-03-15,SLH,274854639,V48630385,CCU,"Nguyen, Grace",2026-03-12 18:56
2026-03-15,SLH,287956323,V44041597,CCU,"Smith, Kwame",2026-03-13 12:36
2026-03-15,SLH,297578,V16686495,SURG2,"Okafor, Chlo\XC3A9\",2026-03-09 17:41
2026-03-15,SLH,312326,V79596974,MED3,"Smith, Ren\XC3A9\",2026-03-11 12:22
2026-03-15,SLH,314796,V47800503,CCU,"Chen, Tom\XC3A1\s",2026-03-10 18:56
2026-03-15,SLH,320986979,V64138092,OBS,"Ivanova, Jos\XC3A9\",2026-03-11 12:26
2026-03-15,SLH,338288,V67854587,OBS,"Patel, Jos\XC3A9\",2026-03-08 15:12
2026-03-15,SLH,350258,V57275398,CCU,"Kowalski, Kwame",2026-03-12 21:05
2026-03-15,SLH,355744,V39402014,OBS,"Baker, S\XC3B8\ren",2026-03-09 06:47
2026-03-15,SLH,380640,V31240159,MED3,"M\XC3BC\ller, Kwame",2026-03-09 02:44
2026-03-15,SLH,399958745,V34569476,CCU,"Ryan, Grace",2026-03-13 21:15
2026-03-15,SLH,416502,V67756501,ORTHO,"Kowalski, Ingrid",2026-03-09 13:04
2026-03-15,SLH,422380220,V59889925,CCU,"Patel, Owen",2026-03-13 01:44
2026-03-15,SLH,430826,V76865474,OBS,"Haddad, Mei",2026-03-12 17:12
2026-03-15,SLH,435606073,V87770626,MED3,"Sch\XC3A4\fer, Fatima",2026-03-07 06:17
2026-03-15,SLH,437765,V95411893,CCU,"Smith, Ingrid",2026-03-10 16:00
2026-03-15,SLH,441736386,V49474524,MED3,"Garcia, Grace",2026-03-13 23:00
2026-03-15,SLH,442468830,V64273782,ED,"Baker, S\XC3B8\ren",2026-03-14 04:15
2026-03-15,SLH,454659,V57280888,MED3,"Patel, Fatima",2026-03-13 16:59
2026-03-15,SLH,458824,V75178077,ED,"Nguyen, Ren\XC3A9\",2026-03-11 09:01
2026-03-15,SLH,461790,V99817102,CCU,"Smith, Kwame",2026-03-11 23:23
2026-03-15,SLH,512418277,V69382279,ED,"D\X27\Angelo, Liam",2026-03-12 01:18
2026-03-15,SLH,515105761,V16852431,SURG2,"Lindqvist, Chlo\XC3A9\",2026-03-10 04:13
2026-03-15,SLH,521095,V53077450,ONC,"Lindqvist, Zo\XC3AB\",2026-03-13 07:41
2026-03-15,SLH,521418,V90647447,ONC,"Patel, Ren\XC3A9\",2026-03-09 13:06
2026-03-15,SLH,551222765,V25588867,CCU,"Dubois, Ingrid",2026-03-06 14:47
2026-03-15,SLH,555031868,V23805072,ED,"Smith, Liam",2026-03-11 02:09
2026-03-15,SLH,562392,V10881433,MED3,"Ryan, Grace",2026-03-09 20:42
2026-03-15,SLH,573587,V69920620,OBS,"Patel, Ana",2026-03-10 14:04
2026-03-15,SLH,586793269,V58161034,ICU,"Baker, Yusuf",2026-03-09 15:55
2026-03-15,SLH,623890615,V73339849,ORTHO,"O\X27\Brien, Elena",2026-03-13 14:55
2026-03-15,SLH,630294,V63896120,MED3,"D\X27\Angelo, Priya",2026-03-10 02:35
2026-03-15,SLH,633709,V82744892,MED3,"Lindqvist, Zo\XC3AB\",2026-03-12 02:29
2026-03-15,SLH,651192,V97122883,SURG2,"Fern\XC3A1\ndez, Elena",2026-03-10 22:28
2026-03-15,SLH,667698488,V81034295,MED3,"Lindqvist, S\XC3B8\ren",2026-03-12 13:28
2026-03-15,SLH,693621,V46136641,ED,"Ryan, Jos\XC3A9\",2026-03-10 16:13
2026-03-15,SLH,697705729,V20814682,SURG2,"Kowalski, S\XC3B8\ren",2026-03-12 08:53
2026-03-15,SLH,727888071,V94879951,CCU,"Garcia, Mei",2026-03-10 03:39
2026-03-15,SLH,746188,V89100347,ONC,"Dubois, Grace",2026-03-07 18:28
2026-03-15,SLH,763627174,V44620897,OBS,"Nguyen, Ana",2026-03-11 11:56
2026-03-15,SLH,782077,V80534957,OBS,"Ryan, Liam",2026-03-06 21:07
2026-03-15,SLH,786077702,V38412529,SURG2,"Sch\XC3A4\fer, Ren\XC3A9\",2026-03-12 22:07
2026-03-15,SLH,797961,V61364093,CCU,"Baker, Ingrid",2026-03-12 13:58
2026-03-15,SLH,805951976,V41116148,OBS,"Smith, Zo\XC3AB\",2026-03-13 12:20
2026-03-15,SLH,807745801,V96901664,OBS,"Chen, Priya",2026-03-11 11:17
2026-03-15,SLH,837766391,V39915041,ED,"Nguyen, Grace",2026-03-10 07:19
2026-03-15,SLH,851709,V42888332,OBS,"Fern\XC3A1\ndez, Zo\XC3AB\",2026-03-09 16:19
2026-03-15,SLH,854972350,V63638890,OBS,"Smith, S\XC3B8\ren",2026-03-14 05:12
2026-03-15,SLH,857911,V36088959,SURG2,"O\X27\Brien, Ren\XC3A9\",2026-03-11 10:46
2026-03-15,SLH,888452,V55451088,SURG2,"Okafor, Ingrid",2026-03-13 00:05
2026-03-15,SLH,889255,V59484779,ED,"Nguyen, Mei",2026-03-13 01:30
2026-03-15,SLH,899201,V81558914,MED3,"O\X27\Brien, Ingrid",2026-03-06 00:20
2026-03-15,SLH,925637,V49672110,SURG2,"Fern\XC3A1\ndez, Chlo\XC3A9\",2026-03-12 07:09
2026-03-15,SLH,930324,V81262287,ORTHO,"Haddad, Ren\XC3A9\",2026-03-09 01:06
