discharge_date,facility,mrn,visit,class,patient,admitted_local,discharged_local,los_hours
2026-03-09,MERCY,582501,V46628375,E,"Okafor, Tom\XC3A1\s",2026-03-09 08:25,2026-03-09 14:52,6.5
2026-03-09,MERCY,635656617,V48555017,E,"O\X27\Brien, Fatima",2026-03-09 10:05,2026-03-09 17:46,7.7
2026-03-09,MERCY,874025306,V33654301,I,"Sch\XC3A4\fer, Ingrid",2026-03-06 02:28,2026-03-09 13:07,82.6
2026-03-09,MERCY,970713,V48164413,E,"Baker, Mei",2026-03-06 19:08,2026-03-09 11:09,64.0
2026-03-09,MERCY,989439,V72135764,I,"Nguyen, Mei",2026-03-08 09:22,2026-03-09 14:57,29.6
2026-03-09,RVW,157958554,V61126688,O,"Smith, Zo\XC3AB\",2026-03-06 04:29,2026-03-09 15:34,83.1
2026-03-09,RVW,317106,V11422527,O,"Garcia, Grace",2026-03-09 01:51,2026-03-09 15:12,13.3
2026-03-09,RVW,722727,V19104594,E,"Chen, Tom\XC3A1\s",2026-03-09 08:44,2026-03-09 14:24,5.7
2026-03-09,RVW,854577,V92363538,E,"Garcia, Elena",2026-03-09 07:52,2026-03-09 20:57,13.1
2026-03-09,RVW,867614576,V43483760,E,"Sch\XC3A4\fer, Tom\XC3A1\s",2026-03-09 15:09,2026-03-09 16:55,1.8
2026-03-10,MERCY,198994009,V85624399,O,"Sch\XC3A4\fer, Ana",2026-03-10 03:58,2026-03-10 08:12,4.2
2026-03-10,MERCY,385156,V24699352,O,"D\X27\Angelo, Zo\XC3AB\",2026-03-09 17:14,2026-03-10 16:52,23.6
2026-03-10,MERCY,415152,V23323253,E,"Okafor, Priya",2026-03-09 17:38,2026-03-10 22:38,29.0
2026-03-10,MERCY,549256447,V57281732,E,"Patel, Elena",2026-03-09 07:30,2026-03-10 09:02,25.5
2026-03-10,MERCY,786476,V84137360,E,"Haddad, S\XC3B8\ren",2026-03-09 08:02,2026-03-10 21:18,37.3
2026-03-10,MERCY,874933,V77641581,O,"Dubois, Jos\XC3A9\",2026-03-09 16:09,2026-03-10 15:19,23.2
2026-03-10,MERCY,978506,V51456216,E,"Patel, Owen",2026-03-09 15:07,2026-03-10 05:15,14.1
2026-03-10,RVW,268713,V59719085,I,"Fern\XC3A1\ndez, S\XC3B8\ren",2026-03-09 05:52,2026-03-10 04:25,22.5
2026-03-10,RVW,374769,V58573232,E,"Dubois, Jos\XC3A9\",2026-03-10 05:37,2026-03-10 11:53,6.3
2026-03-10,RVW,489162657,V31661921,I,"Garcia, Mei",2026-03-09 11:43,2026-03-10 22:23,34.7
2026-03-10,RVW,505807,V15170550,E,"Garcia, Chlo\XC3A9\",2026-03-10 09:11,2026-03-10 13:02,3.9
2026-03-10,RVW,662418,V10198927,E,"Smith, Yusuf",2026-03-10 05:33,2026-03-10 07:58,2.4
2026-03-10,RVW,740061,V86792999,E,"Dubois, Zo\XC3AB\",2026-03-09 14:10,2026-03-10 05:38,15.5
2026-03-10,RVW,747564479,V61718207,E,"Sch\XC3A4\fer, Mei",2026-03-10 15:05,2026-03-10 21:26,6.3
2026-03-10,SLH,305308350,V46821869,I,"Sch\XC3A4\fer, Owen",2026-03-07 05:01,2026-03-10 16:40,83.6
2026-03-10,SLH,557797,V13998353,E,"D\X27\Angelo, Noah",2026-03-06 04:23,2026-03-10 22:26,114.0
2026-03-11,MERCY,209602179,V43787436,E,"Ryan, Kwame",2026-03-11 01:23,2026-03-11 05:29,4.1
2026-03-11,MERCY,369191974,V18159858,E,"Patel, Noah",2026-03-11 06:29,2026-03-11 17:03,10.6
2026-03-11,MERCY,591429405,V46812180,I,"Garcia, Noah",2026-03-10 11:03,2026-03-11 19:05,32.0
2026-03-11,RVW,580011,V96448787,O,"Ryan, Jos\XC3A9\",2026-03-10 03:35,2026-03-11 06:36,27.0
2026-03-11,RVW,714927,V48937981,I,"Patel, Priya",2026-03-08 02:19,2026-03-11 10:41,80.4
2026-03-11,SLH,325572,V38879809,I,"Lindqvist, Grace",2026-03-09 06:01,2026-03-11 09:03,51.0
2026-03-11,SLH,634934,V90782930,E,"O\X27\Brien, Jos\XC3A9\",2026-03-11 05:31,2026-03-11 21:58,16.4
2026-03-11,SLH,695138617,V93397738,O,"Dubois, Fatima",2026-03-10 03:32,2026-03-11 08:46,29.2
2026-03-12,MERCY,531464117,V27328564,E,"Smith, Grace",2026-03-11 01:56,2026-03-12 08:14,30.3
2026-03-12,MERCY,559277098,V28418773,O,"Lindqvist, Priya",2026-03-10 02:10,2026-03-12 19:35,65.4
2026-03-12,MERCY,925311,V99320266,I,"Okafor, Jos\XC3A9\",2026-03-11 21:31,2026-03-12 19:00,21.5
2026-03-12,RVW,151753,V85057192,E,"Ivanova, Ren\XC3A9\",2026-03-11 03:10,2026-03-12 13:35,34.4
2026-03-12,RVW,182529033,V63199378,I,"Lindqvist, Chlo\XC3A9\",2026-03-11 03:23,2026-03-12 23:17,43.9
2026-03-12,RVW,451940949,V57547469,I,"Ryan, Kwame",2026-03-11 06:02,2026-03-12 05:54,23.9
2026-03-12,RVW,977740,V61929797,I,"Fern\XC3A1\ndez, Zo\XC3AB\",2026-03-11 06:57,2026-03-12 23:58,41.0
2026-03-12,SLH,142440691,V66674971,O,"Fern\XC3A1\ndez, Priya",2026-03-11 08:21,2026-03-12 02:07,17.8
2026-03-12,SLH,205505,V81382744,I,"Ryan, Chlo\XC3A9\",2026-03-10 21:29,2026-03-12 04:28,31.0
2026-03-12,SLH,219240730,V12692412,E,"O\X27\Brien, Ren\XC3A9\",2026-03-12 06:35,2026-03-12 19:45,13.2
2026-03-12,SLH,294507,V92162467,E,"Haddad, S\XC3B8\ren",2026-03-12 10:00,2026-03-12 15:24,5.4
2026-03-12,SLH,385339,V30757408,E,"Garcia, Elena",2026-03-10 02:01,2026-03-12 00:29,46.5
2026-03-12,SLH,605613,V21255448,I,"Ivanova, Chlo\XC3A9\",2026-03-09 13:13,2026-03-12 21:43,80.5
2026-03-13,MERCY,224444176,V65889893,I,"Baker, Ren\XC3A9\",2026-03-10 19:02,2026-03-13 02:58,55.9
2026-03-13,MERCY,607631529,V78995202,O,"Garcia, Yusuf",2026-03-12 02:27,2026-03-13 01:30,23.1
2026-03-13,MERCY,629872635,V55513644,E,"M\XC3BC\ller, Noah",2026-03-12 18:54,2026-03-13 11:06,16.2
2026-03-13,RVW,263393,V47041904,E,"Smith, Priya",2026-03-13 00:11,2026-03-13 23:19,23.1
2026-03-13,RVW,478249,V61083481,I,"Smith, Noah",2026-03-10 09:39,2026-03-13 02:48,65.2
2026-03-13,RVW,520637838,V91654802,I,"Sch\XC3A4\fer, Owen",2026-03-10 13:05,2026-03-13 22:42,81.6
2026-03-13,RVW,623585,V81670174,I,"Nguyen, Zo\XC3AB\",2026-03-08 18:26,2026-03-13 02:16,103.8
2026-03-13,RVW,810458,V28674002,E,"Garcia, Grace",2026-03-10 19:30,2026-03-13 09:13,61.7
2026-03-13,RVW,905206,V13039651,I,"Dubois, Jos\XC3A9\",2026-03-10 07:52,2026-03-13 01:21,65.5
2026-03-13,SLH,161886,V20446695,E,"Lindqvist, Mei",2026-03-12 23:39,2026-03-13 15:05,15.4
2026-03-13,SLH,566507,V69244030,I,"Garcia, Chlo\XC3A9\",2026-03-11 05:23,2026-03-13 11:49,54.4
2026-03-14,RVW,217065521,V12045413,I,"Fern\XC3A1\ndez, Noah",2026-03-13 22:22,2026-03-14 21:00,22.6
2026-03-14,RVW,458839,V43310488,I,"Sch\XC3A4\fer, Ingrid",2026-03-13 02:14,2026-03-14 19:40,41.4
2026-03-14,RVW,530951,V97495504,E,"Patel, Yusuf",2026-03-14 16:32,2026-03-14 18:51,2.3
2026-03-14,RVW,531260504,V59166182,I,"Okafor, Yusuf",2026-03-12 04:54,2026-03-14 09:51,53.0
2026-03-14,RVW,594258476,V41375931,E,"Ryan, Owen",2026-03-10 22:44,2026-03-14 02:48,76.1
2026-03-15,RVW,136322,V13681527,E,"Lindqvist, Fatima",2026-03-12 14:55,2026-03-15 05:25,62.5
2026-03-15,RVW,181944820,V72874626,I,"Haddad, Ren\XC3A9\",2026-03-10 18:05,2026-03-15 11:20,113.2
2026-03-15,RVW,236794280,V32415498,E,"Baker, Ingrid",2026-03-11 11:57,2026-03-15 18:27,102.5
2026-03-15,RVW,329581,V85963666,I,"Ryan, Noah",2026-03-13 11:36,2026-03-15 10:18,46.7
2026-03-15,RVW,522802578,V78502400,I,"Garcia, Mei",2026-03-13 04:10,2026-03-15 02:30,46.3
2026-03-15,RVW,858211,V86014085,E,"D\X27\Angelo, Liam",2026-03-10 12:34,2026-03-15 02:27,109.9
2026-03-15,RVW,923779,V28323021,I,"Ivanova, Grace",2026-03-10 01:40,2026-03-15 20:26,138.8
