facility,mrn,family_name,given_name,birth_date,sex,identifiers
MERCY,106386021,Chen,Jos\XC3A9\,2002-04-13,M,
MERCY,116991337,Ryan,Priya,2012-11-02,M,
MERCY,124405,Ivanova,Mei,1935-04-14,M,
MERCY,130691,Smith,Noah,1997-10-17,F,
MERCY,135922,O\X27\Brien,Liam,1974-01-10,O,
MERCY,138764136,Dubois,Yusuf,1987-07-23,M,
MERCY,154689,Nguyen,Noah,1973-08-05,M,
MERCY,156431134,Lindqvist,Yusuf,1972-05-12,F,
MERCY,166867,Fern\XC3A1\ndez,Fatima,1937-02-10,M,
MERCY,167638,Haddad,Jos\XC3A9\,1981-06-21,M,
MERCY,167891,M\XC3BC\ller,Liam,1985-08-16,F,
MERCY,173713,Ivanova,Mei,1972-10-21,F,
MERCY,179176,M\XC3BC\ller,Elena,1943-10-12,M,
MERCY,188575240,Garcia,Chlo\XC3A9\,2011-09-12,M,
MERCY,196178,Ivanova,Fatima,1950-08-10,F,
MERCY,198994009,Sch\XC3A4\fer,Ana,1981-11-10,O,
MERCY,202000706,Dubois,Yusuf,1969-08-28,M,
MERCY,206472,Dubois,Mei,1942-03-04,M,
MERCY,209602179,Ryan,Kwame,1943-04-25,M,
MERCY,211776322,Kowalski,Chlo\XC3A9\,1948-10-25,M,
MERCY,219865,O\X27\Brien,Jos\XC3A9\,1990-07-21,F,
MERCY,223485265,Okafor,Chlo\XC3A9\,1998-12-11,F,
MERCY,224444176,Baker,Ren\XC3A9\,1943-10-13,F,
MERCY,235632,Okafor,Jos\XC3A9\,1960-08-13,M,
MERCY,236759,Kowalski,Ren\XC3A9\,1932-07-08,M,
MERCY,242171134,Patel,Elena,2001-01-09,M,
MERCY,243654814,Ivanova,Ana,1954-08-17,F,
MERCY,244237250,Okafor,Mei,1993-08-06,M,
MERCY,248048,Dubois,Zo\XC3AB\,1992-07-14,M,
MERCY,248283,Chen,S\XC3B8\ren,1941-08-06,F,
MERCY,258112206,Nguyen,Noah,1997-04-05,O,
MERCY,260361,Ryan,Priya,1967-09-02,M,
MERCY,263744,Okafor,Mei,1951-12-21,O,
MERCY,272605,Sch\XC3A4\fer,Chlo\XC3A9\,1954-07-04,O,
MERCY,293195925,O\X27\Brien,Liam,1939-05-19,F,
MERCY,294148,D\X27\Angelo,Fatima,1930-06-09,O,
MERCY,305505,Patel,Ingrid,1996-10-12,M,
MERCY,307153923,Kowalski,Liam,2010-07-27,O,
MERCY,309114,Okafor,Grace,1979-11-23,F,
MERCY,313752,Garcia,Elena,1980-07-19,O,
MERCY,325010,D\X27\Angelo,Kwame,2001-08-28,M,
MERCY,333924677,M\XC3BC\ller,Kwame,2002-11-09,O,
MERCY,339017,O\X27\Brien,Grace,1984-08-10,O,
MERCY,340341,Nguyen,Ana,1959-04-14,F,
MERCY,341818351,Haddad,Tom\XC3A1\s,1972-01-21,F,
MERCY,345363,Smith,Grace,2001-03-17,O,
MERCY,350924,Kowalski,Chlo\XC3A9\,1993-03-03,M,
MERCY,361079,Patel,Elena,2001-01-09,M,
MERCY,367839,Patel,Elena,1939-01-22,M,
MERCY,369191974,Patel,Noah,2007-05-13,F,
MERCY,377720,Sch\XC3A4\fer,Ana,1981-11-10,O,
MERCY,380241,Okafor,Chlo\XC3A9\,1994-12-28,F,
MERCY,383632380,Fern\XC3A1\ndez,Fatima,1937-02-10,M,
MERCY,385156,D\X27\Angelo,Zo\XC3AB\,1954-03-11,O,
MERCY,395091,Ryan,Grace,1933-07-23,O,
MERCY,395266000,Haddad,S\XC3B8\ren,1938-09-16,O,
MERCY,407650119,Dubois,Zo\XC3AB\,1992-07-14,M,
MERCY,408680,M\XC3BC\ller,Noah,1971-11-02,F,
MERCY,410308,M\XC3BC\ller,Priya,1985-12-02,M,
MERCY,412009876,Okafor,Grace,1979-11-23,F,
MERCY,413581158,Haddad,Mei,1962-07-22,F,
MERCY,415152,Okafor,Priya,1961-01-28,F,
MERCY,421939495,Dubois,Ren\XC3A9\,2008-06-06,M,
MERCY,427355,Haddad,Ingrid,2011-03-05,M,
MERCY,429799,Lindqvist,Noah,1954-07-14,F,
MERCY,435833,Kowalski,Liam,2007-05-19,O,
MERCY,443383,Sch\XC3A4\fer,Liam,1944-05-02,M,
MERCY,444036697,Nguyen,Jos\XC3A9\,1951-03-16,F,
MERCY,452141,Nguyen,Fatima,1940-11-09,M,
MERCY,455562,Haddad,Mei,1962-07-22,F,
MERCY,459362,O\X27\Brien,Liam,1939-05-19,F,
MERCY,463005,Dubois,Owen,1958-05-25,M,
MERCY,465831584,Kowalski,Ren\XC3A9\,1977-03-20,O,
MERCY,481458650,Okafor,Tom\XC3A1\s,1978-02-05,M,
MERCY,487130787,Chen,Jos\XC3A9\,1936-01-22,F,
MERCY,487712,Dubois,Yusuf,1987-07-23,M,
MERCY,490285,Dubois,Ren\XC3A9\,2008-06-06,M,
MERCY,493311,Lindqvist,S\XC3B8\ren,1939-10-16,M,
MERCY,516363341,Okafor,Chlo\XC3A9\,1994-12-28,F,
MERCY,521783664,Lindqvist,Mei,1960-07-27,M,
MERCY,522997,Lindqvist,Yusuf,1972-05-12,F,
MERCY,531464117,Smith,Grace,2001-03-17,O,
MERCY,541309,Baker,Ana,1969-12-09,O,
MERCY,549256447,Patel,Elena,1939-01-22,M,
MERCY,549308,Okafor,Chlo\XC3A9\,1998-12-11,F,
MERCY,556998081,Nguyen,Fatima,1940-11-09,M,
MERCY,559277098,Lindqvist,Priya,1977-12-09,F,
MERCY,565263062,Kowalski,Jos\XC3A9\,1980-10-14,M,
MERCY,579062295,Haddad,Ingrid,2011-03-05,M,
MERCY,582501,Okafor,Tom\XC3A1\s,1978-02-05,M,
MERCY,587585,Patel,Owen,1959-03-08,M,
MERCY,591429405,Garcia,Noah,1980-04-25,F,
MERCY,591447957,Lindqvist,Mei,1930-10-14,F,
MERCY,591508,Patel,Tom\XC3A1\s,1997-07-05,M,
MERCY,603910749,Kowalski,Priya,2003-12-15,F,
MERCY,607631529,Garcia,Yusuf,2010-07-25,M,
MERCY,629872635,M\XC3BC\ller,Noah,1971-11-02,F,
MERCY,635656617,O\X27\Brien,Fatima,1938-02-03,F,
MERCY,636299024,Fern\XC3A1\ndez,Elena,1991-09-12,O,
MERCY,654430,Okafor,Jos\XC3A9\,1943-12-28,M,
MERCY,671622560,Kowalski,Elena,1951-03-14,O,
MERCY,675185978,Haddad,Jos\XC3A9\,1981-06-21,M,
MERCY,678228362,Ivanova,Mei,1935-04-14,M,
MERCY,684467839,Sch\XC3A4\fer,Priya,1961-11-14,O,
MERCY,684710781,Dubois,Jos\XC3A9\,1989-03-01,M,
MERCY,684803,D\X27\Angelo,Owen,1981-11-18,M,
MERCY,689278,D\X27\Angelo,Owen,1939-12-01,F,
MERCY,698844,Nguyen,Ren\XC3A9\,1992-07-07,M,
MERCY,711295,Kowalski,Elena,1951-03-14,O,
MERCY,716710,Baker,Yusuf,1954-04-12,M,
MERCY,721127862,Ivanova,Mei,1972-10-21,F,
MERCY,721430,Nguyen,Noah,1997-04-05,O,
MERCY,729511366,Nguyen,Ana,1959-04-14,F,
MERCY,733847240,Lindqvist,Mei,2011-01-12,M,
MERCY,737133,Smith,S\XC3B8\ren,1950-10-18,O,
MERCY,754231,Ivanova,Fatima,2008-01-07,F,
MERCY,763014,Okafor,Chlo\XC3A9\,1989-08-14,O,
MERCY,765604,Smith,Ren\XC3A9\,1934-07-06,F,
MERCY,779657407,M\XC3BC\ller,Priya,1985-12-02,M,
MERCY,786476,Haddad,S\XC3B8\ren,1938-09-16,O,
MERCY,790209578,Baker,Yusuf,1986-06-25,O,
MERCY,812584840,O\X27\Brien,Jos\XC3A9\,1990-07-21,F,
MERCY,812850,Smith,Priya,2012-06-07,F,
MERCY,812975135,Patel,Owen,1993-08-13,F,
MERCY,818660,Baker,Elena,1945-12-18,O,
MERCY,819114134,Fern\XC3A1\ndez,Liam,1953-03-28,O,
MERCY,823224,Lindqvist,Priya,1977-12-09,F,
MERCY,830638189,M\XC3BC\ller,Liam,1985-08-16,F,
MERCY,834852020,Dubois,Liam,1979-03-24,F,
MERCY,835117,Garcia,Noah,1980-04-25,F,
MERCY,854247,Chen,Grace,1988-07-16,M,
MERCY,856310590,Ivanova,Fatima,2008-01-07,F,
MERCY,862964,Okafor,Tom\XC3A1\s,1975-01-18,M,
MERCY,874025306,Sch\XC3A4\fer,Ingrid,1970-06-10,O,
MERCY,874933,Dubois,Jos\XC3A9\,1989-03-01,M,
MERCY,881401,Haddad,Elena,2002-06-05,F,
MERCY,895320,Dubois,Yusuf,1969-08-28,M,
MERCY,897142,Garcia,Mei,1984-11-17,F,
MERCY,898453,Sch\XC3A4\fer,Ingrid,1970-06-10,O,
MERCY,925237,Ivanova,Grace,1970-08-18,M,
MERCY,925311,Okafor,Jos\XC3A9\,2001-09-13,F,
MERCY,946436,Haddad,Ren\XC3A9\,1991-09-11,O,
MERCY,947469,Patel,Noah,1945-08-16,M,
MERCY,948554,Fern\XC3A1\ndez,Liam,1953-03-28,O,
MERCY,950206,Kowalski,Jos\XC3A9\,1980-10-14,M,
MERCY,959332,Fern\XC3A1\ndez,Mei,1948-10-05,F,
MERCY,970713,Baker,Mei,1968-09-22,F,
MERCY,978506,Patel,Owen,1993-08-13,F,
MERCY,985168,Sch\XC3A4\fer,Ana,1999-01-20,F,
MERCY,989439,Nguyen,Mei,1995-12-23,F,
RVW,100246,Patel,Ren\XC3A9\,1966-02-07,F,
RVW,110690,O\X27\Brien,S\XC3B8\ren,1955-01-22,O,
RVW,114104,Patel,Ana,1976-09-13,F,
RVW,115250,Patel,Priya,1957-07-16,F,
RVW,119813048,Fern\XC3A1\ndez,Ren\XC3A9\,1942-12-13,M,
RVW,129694,Ryan,Kwame,1956-05-11,F,
RVW,130033,Chen,Tom\XC3A1\s,2009-02-03,F,
RVW,135557,Ivanova,Noah,1970-03-03,O,
RVW,136322,Lindqvist,Fatima,1937-05-16,M,
RVW,137417960,Patel,Ren\XC3A9\,2010-07-04,F,
RVW,138958,Sch\XC3A4\fer,Mei,2000-05-25,M,
RVW,151604,M\XC3BC\ller,Yusuf,1943-11-11,F,
RVW,151753,Ivanova,Ren\XC3A9\,1974-03-04,M,
RVW,156124,Fern\XC3A1\ndez,Ren\XC3A9\,1986-02-11,F,
RVW,157958554,Smith,Zo\XC3AB\,2001-01-11,O,
RVW,158108,Fern\XC3A1\ndez,Jos\XC3A9\,2010-12-18,F,
RVW,158956,Ryan,Chlo\XC3A9\,1939-02-11,M,
RVW,165674496,Sch\XC3A4\fer,Ana,1952-04-27,M,
RVW,170183,Baker,Yusuf,1993-03-11,M,
RVW,171614340,O\X27\Brien,Yusuf,2008-10-11,M,
RVW,174479,Smith,S\XC3B8\ren,1947-10-12,O,
RVW,181944820,Haddad,Ren\XC3A9\,1981-11-21,M,
RVW,182529033,Lindqvist,Chlo\XC3A9\,1956-06-27,M,
RVW,186451855,Fern\XC3A1\ndez,Mei,1954-05-15,M,
RVW,188150,Garcia,Mei,1967-05-18,M,
RVW,194756,Garcia,Zo\XC3AB\,1978-02-01,M,
RVW,200264,O\X27\Brien,Fatima,2000-11-05,F,
RVW,201532146,Patel,Grace,1983-07-28,M,
RVW,205716,Lindqvist,Elena,1988-07-23,F,
RVW,207868,Sch\XC3A4\fer,Ren\XC3A9\,1935-08-07,O,
RVW,208131,Patel,Jos\XC3A9\,1946-02-12,O,
RVW,212823,Garcia,Mei,1948-08-02,F,
RVW,216700222,Patel,Liam,1933-05-06,M,
RVW,217065521,Fern\XC3A1\ndez,Noah,1942-02-05,M,
RVW,219595,D\X27\Angelo,Liam,2009-04-04,F,
RVW,220876,Ryan,Ren\XC3A9\,1982-08-22,M,
RVW,222775,Smith,Zo\XC3AB\,2001-01-11,O,
RVW,236794280,Baker,Ingrid,1951-04-02,M,
RVW,239343088,Patel,Priya,1957-07-16,F,
RVW,243355,Ryan,Chlo\XC3A9\,1982-10-28,M,
RVW,248556,Fern\XC3A1\ndez,Ren\XC3A9\,1969-01-08,M,
RVW,250746806,Sch\XC3A4\fer,Kwame,1951-05-12,M,
RVW,252358,Garcia,Noah,1944-11-13,F,
RVW,258149220,Nguyen,Liam,2005-07-16,F,
RVW,263393,Smith,Priya,1968-03-03,M,
RVW,263502,Nguyen,Priya,1987-06-25,M,
RVW,264505,M\XC3BC\ller,Ren\XC3A9\,1946-12-05,M,
RVW,264636,Ryan,Priya,1991-09-18,F,
RVW,268713,Fern\XC3A1\ndez,S\XC3B8\ren,1939-07-15,F,
RVW,278759,Dubois,S\XC3B8\ren,1987-10-11,F,
RVW,286652231,Haddad,Priya,1998-09-22,F,
RVW,295961251,Patel,Chlo\XC3A9\,1984-08-26,F,
RVW,297005,Lindqvist,Liam,1938-07-28,F,
RVW,305779,M\XC3BC\ller,Liam,1983-10-18,F,
RVW,306630,Haddad,Grace,1951-08-05,F,
RVW,306630254,Ryan,Chlo\XC3A9\,1934-05-20,M,
RVW,311759,O\X27\Brien,Noah,2002-02-19,F,
RVW,313845298,O\X27\Brien,Noah,1962-05-03,M,
RVW,317106,Garcia,Grace,1978-10-11,O,
RVW,317146,Haddad,Yusuf,2002-11-16,F,
RVW,320878,Dubois,Elena,2011-11-18,M,
RVW,328086015,Smith,Elena,1972-11-18,F,
RVW,329581,Ryan,Noah,2007-05-25,F,
RVW,331953,Kowalski,Owen,1969-10-27,M,
RVW,335435310,Smith,Ingrid,2005-06-27,F,
RVW,347862,Garcia,Priya,2012-11-28,M,
RVW,349786835,Smith,Yusuf,1933-07-07,F,
RVW,351262862,Kowalski,Owen,1969-10-27,M,
RVW,352085,Fern\XC3A1\ndez,Mei,1945-06-19,M,
RVW,355229419,Baker,Yusuf,1993-03-11,M,
RVW,359605,O\X27\Brien,Tom\XC3A1\s,2009-09-24,F,
RVW,360704,Ryan,Jos\XC3A9\,2000-03-04,F,
RVW,366221124,Patel,Priya,2006-06-19,O,
RVW,369865264,O\X27\Brien,Fatima,2000-11-05,F,
RVW,371134301,Fern\XC3A1\ndez,Zo\XC3AB\,1954-10-21,F,
RVW,374769,Dubois,Jos\XC3A9\,2006-02-18,M,
RVW,376988,Ryan,Chlo\XC3A9\,1934-05-20,M,
RVW,378505,Ryan,Kwame,1987-07-28,O,
RVW,382765086,Haddad,Yusuf,2002-11-16,F,
RVW,383693815,M\XC3BC\ller,Grace,2008-03-03,M,
RVW,390301,Smith,Ingrid,2005-06-27,F,
RVW,397479845,Garcia,Grace,2010-04-20,F,
RVW,402166,Garcia,Tom\XC3A1\s,1971-10-15,M,
RVW,408859,Fern\XC3A1\ndez,Ren\XC3A9\,1942-12-13,M,
RVW,418681,Ryan,Tom\XC3A1\s,1961-01-04,M,
RVW,423682089,Sch\XC3A4\fer,Jos\XC3A9\,1998-09-23,F,
RVW,425027531,M\XC3BC\ller,Liam,1983-10-18,F,
RVW,435405775,Ivanova,Liam,1982-06-16,O,
RVW,440873,Ivanova,Elena,1993-11-11,M,
RVW,443543359,Patel,S\XC3B8\ren,1985-01-01,M,
RVW,446784,Sch\XC3A4\fer,Ana,1942-04-25,F,
RVW,449350,Chen,Fatima,1937-06-04,O,
RVW,449604,Okafor,Mei,1992-03-23,M,
RVW,451940949,Ryan,Kwame,1956-05-11,F,
RVW,458839,Sch\XC3A4\fer,Ingrid,1975-01-24,M,
RVW,460294258,Okafor,Chlo\XC3A9\,1960-07-03,M,
RVW,467900,Haddad,Grace,1958-02-21,F,
RVW,472405728,O\X27\Brien,Kwame,1939-04-18,F,
RVW,478249,Smith,Noah,1954-06-23,M,
RVW,479786,Baker,Owen,1965-09-22,F,
RVW,479970734,Nguyen,Priya,1987-06-25,M,
RVW,486479,Haddad,Tom\XC3A1\s,1996-05-06,F,
RVW,486508868,Sch\XC3A4\fer,Mei,2000-05-25,M,
RVW,489162657,Garcia,Mei,1948-08-02,F,
RVW,491477,Garcia,Tom\XC3A1\s,1973-02-16,M,
RVW,497863668,D\X27\Angelo,Zo\XC3AB\,1985-02-06,M,
RVW,505807,Garcia,Chlo\XC3A9\,2007-01-18,M,
RVW,510602698,Sch\XC3A4\fer,Fatima,1933-04-24,M,
RVW,510943,Baker,Priya,1934-04-06,F,
RVW,520637838,Sch\XC3A4\fer,Owen,1988-03-25,M,
RVW,522802578,Garcia,Mei,1940-03-02,M,
RVW,530459228,M\XC3BC\ller,S\XC3B8\ren,1932-02-06,M,
RVW,530951,Patel,Yusuf,1959-07-05,M,
RVW,531260504,Okafor,Yusuf,1950-12-28,M,
RVW,531354136,Garcia,Elena,1980-01-09,M,
RVW,532728,Patel,Ren\XC3A9\,2010-07-04,F,
RVW,533000507,Garcia,Zo\XC3AB\,1978-02-01,M,
RVW,534967195,Haddad,Grace,1958-02-21,F,
RVW,539773073,Kowalski,Liam,1958-12-10,F,
RVW,541353735,Kowalski,Mei,1946-07-05,O,
RVW,547967,M\XC3BC\ller,S\XC3B8\ren,1932-02-06,M,
RVW,556397,Fern\XC3A1\ndez,Ana,1941-02-20,M,
RVW,556744520,Garcia,Priya,2012-11-28,M,
RVW,560537240,Baker,Priya,1934-04-06,F,
RVW,567220,Haddad,Fatima,1970-08-04,F,
RVW,568025,Okafor,Chlo\XC3A9\,1960-07-03,M,
RVW,568779285,Baker,Mei,1989-01-16,M,
RVW,580011,Ryan,Jos\XC3A9\,1986-02-09,F,
RVW,585198,Lindqvist,Chlo\XC3A9\,1956-06-27,M,
RVW,585897,Patel,Liam,1933-05-06,M,
RVW,586615132,Ryan,Jos\XC3A9\,2006-03-06,F,
RVW,594258476,Ryan,Owen,1998-05-24,M,
RVW,594672,Kowalski,Liam,1958-12-10,F,
RVW,595062,D\X27\Angelo,Fatima,1976-10-11,M,
RVW,596441,O\X27\Brien,Jos\XC3A9\,1933-04-21,O,
RVW,596650,Ivanova,Jos\XC3A9\,1966-05-06,F,
RVW,607202449,Lindqvist,Liam,1938-07-28,F,
RVW,608883,Ivanova,Liam,1982-06-16,O,
RVW,609189049,Sch\XC3A4\fer,Owen,1939-12-03,O,
RVW,610298016,D\X27\Angelo,Fatima,1976-10-11,M,
RVW,610459967,Chen,Priya,1974-02-23,M,
RVW,613764431,Nguyen,Mei,1987-10-26,M,
RVW,623235,Haddad,Grace,2007-07-14,F,
RVW,623317250,Fern\XC3A1\ndez,Ana,1941-02-20,M,
RVW,623585,Nguyen,Zo\XC3AB\,1971-07-18,M,
RVW,626496,D\X27\Angelo,Zo\XC3AB\,1985-02-06,M,
RVW,629070,Chen,Chlo\XC3A9\,2009-02-04,O,
RVW,630216,Patel,Ingrid,1995-10-03,F,
RVW,633842,Garcia,Kwame,1978-06-20,M,
RVW,637914429,Ryan,Tom\XC3A1\s,1961-01-04,M,
RVW,651411360,M\XC3BC\ller,Ren\XC3A9\,1946-12-05,M,
RVW,661843,D\X27\Angelo,Ingrid,1973-02-15,F,
RVW,662418,Smith,Yusuf,1933-07-07,F,
RVW,667995,Smith,Fatima,1941-07-07,M,
RVW,670944,Nguyen,Elena,1965-08-25,F,
RVW,686477270,O\X27\Brien,Noah,2002-02-19,F,
RVW,688351,Nguyen,Tom\XC3A1\s,2008-10-15,F,
RVW,689104123,Smith,Grace,1952-04-27,O,
RVW,689248,Ryan,Grace,1991-02-11,F,
RVW,699724182,Garcia,Kwame,1978-06-20,M,
RVW,710037778,Patel,Jos\XC3A9\,1946-02-12,O,
RVW,713942,Sch\XC3A4\fer,Tom\XC3A1\s,1974-08-15,F,
RVW,714184729,O\X27\Brien,S\XC3B8\ren,1969-01-03,O,
RVW,714927,Patel,Priya,2009-09-12,M,
RVW,716315642,Nguyen,Priya,1980-04-27,M,
RVW,717640043,O\X27\Brien,Fatima,2008-03-10,O,
RVW,718615,Ivanova,Owen,1952-02-01,M,
RVW,722727,Chen,Tom\XC3A1\s,1994-09-24,M,
RVW,723284273,Fern\XC3A1\ndez,Ren\XC3A9\,1986-02-11,F,
RVW,726194,O\X27\Brien,Liam,1979-10-16,F,
RVW,727540,D\X27\Angelo,Grace,1960-02-03,M,
RVW,735480446,Dubois,Jos\XC3A9\,1961-06-05,M,
RVW,740061,Dubois,Zo\XC3AB\,1930-11-14,F,
RVW,747381828,Patel,Ren\XC3A9\,1966-02-07,F,
RVW,747564479,Sch\XC3A4\fer,Mei,1958-07-14,F,
RVW,760810037,Nguyen,Zo\XC3AB\,1971-07-18,M,
RVW,760969642,Patel,Fatima,1965-04-09,F,
RVW,762618,Kowalski,Zo\XC3AB\,1985-10-01,O,
RVW,765185,Patel,Chlo\XC3A9\,1984-08-26,F,
RVW,768854526,Smith,Fatima,1941-07-07,M,
RVW,776443754,Sch\XC3A4\fer,Ren\XC3A9\,2012-01-28,F,
RVW,776738136,Patel,Ana,1976-09-13,F,
RVW,779776336,Haddad,Owen,1932-12-01,M,
RVW,780487404,Kowalski,Noah,1984-11-08,M,
RVW,793059,Sch\XC3A4\fer,Owen,1939-12-03,O,
RVW,793688468,Ivanova,Owen,1933-09-10,F,
RVW,797798,Haddad,Grace,1964-12-20,M,
RVW,797965067,Patel,Yusuf,1959-07-05,M,
RVW,804409,Sch\XC3A4\fer,Chlo\XC3A9\,1954-10-11,M,
RVW,810458,Garcia,Grace,2010-04-20,F,
RVW,813416027,Garcia,Tom\XC3A1\s,1973-02-16,M,
RVW,828174215,O\X27\Brien,Ren\XC3A9\,2004-03-02,M,
RVW,831252,Fern\XC3A1\ndez,S\XC3B8\ren,1993-04-17,M,
RVW,837099622,Ryan,Jos\XC3A9\,1996-11-04,O,
RVW,838374,Ivanova,Mei,1997-08-25,M,
RVW,846564,Baker,Priya,1967-02-04,O,
RVW,849993939,Fern\XC3A1\ndez,S\XC3B8\ren,1939-07-15,F,
RVW,851547,Baker,Mei,1989-01-16,M,
RVW,852033928,Ryan,Chlo\XC3A9\,1939-02-11,M,
RVW,852092,Patel,Kwame,1984-06-23,M,
RVW,854577,Garcia,Elena,1980-01-09,M,
RVW,858211,D\X27\Angelo,Liam,1986-01-09,F,
RVW,858324,Okafor,Yusuf,1950-12-28,M,
RVW,859577562,Garcia,Elena,1976-06-10,O,
RVW,860647,Kowalski,Mei,1946-07-05,O,
RVW,865252,Patel,Fatima,1965-04-09,F,
RVW,866261356,Ivanova,Owen,1952-02-01,M,
RVW,867614576,Sch\XC3A4\fer,Tom\XC3A1\s,2012-05-18,M,
RVW,868632,Smith,Grace,1945-02-16,M,
RVW,872436,Haddad,Ren\XC3A9\,1981-11-21,M,
RVW,873607598,Smith,Noah,1954-06-23,M,
RVW,879446,Dubois,Grace,1966-02-10,F,
RVW,881204331,Dubois,S\XC3B8\ren,1987-10-11,F,
RVW,888455,Fern\XC3A1\ndez,Mei,1954-05-15,M,
RVW,905206,Dubois,Jos\XC3A9\,1950-01-06,F,
RVW,911715,M\XC3BC\ller,Liam,1934-12-06,M,
RVW,919116,Smith,Elena,1972-11-18,F,
RVW,921684,O\X27\Brien,Chlo\XC3A9\,1944-03-27,F,
RVW,923779,Ivanova,Grace,1991-10-26,M,
RVW,931032,O\X27\Brien,Fatima,2008-03-10,O,
RVW,931459,Haddad,Priya,1998-09-22,F,
RVW,935786,Sch\XC3A4\fer,Owen,1988-03-25,M,
RVW,937652,Okafor,Liam,1969-05-24,M,
RVW,939993,Ryan,Zo\XC3AB\,1982-08-26,M,
RVW,955296,Sch\XC3A4\fer,Chlo\XC3A9\,1968-03-13,M,
RVW,958661,Sch\XC3A4\fer,Tom\XC3A1\s,2012-05-18,M,
RVW,959951,Haddad,Liam,1945-01-25,F,
RVW,977714,M\XC3BC\ller,Yusuf,1978-02-09,F,
RVW,977740,Fern\XC3A1\ndez,Zo\XC3AB\,1954-10-21,F,
RVW,986427,Patel,Priya,2006-06-19,O,
RVW,987002,Sch\XC3A4\fer,Ana,1952-04-27,M,
RVW,991613,Lindqvist,Chlo\XC3A9\,1961-02-02,O,
SLH,100516918,Smith,S\XC3B8\ren,1991-10-23,F,
SLH,108266,Fern\XC3A1\ndez,Liam,1942-09-04,O,
SLH,113953,Garcia,Tom\XC3A1\s,2001-09-21,F,
SLH,120822751,Smith,Ingrid,1975-09-19,F,
SLH,121676,Dubois,Chlo\XC3A9\,1937-09-09,F,
SLH,122931569,Okafor,Zo\XC3AB\,1977-05-12,M,
SLH,127285,D\X27\Angelo,Grace,1975-12-18,F,
SLH,129424333,Smith,Mei,1986-10-28,F,
SLH,136117,Haddad,Fatima,2009-09-08,O,
SLH,142440691,Fern\XC3A1\ndez,Priya,1998-10-22,M,
SLH,146305376,Ryan,Priya,1946-09-12,O,
SLH,149093757,Dubois,Fatima,1949-06-05,F,
SLH,149478,Chen,Jos\XC3A9\,1999-06-02,M,
SLH,151464,Fern\XC3A1\ndez,Owen,1985-12-12,F,
SLH,152753,M\XC3BC\ller,Mei,2003-01-18,M,
SLH,157448927,Garcia,Elena,1936-12-12,M,
SLH,157855233,Patel,Ana,1944-05-21,O,
SLH,158858,Ryan,Zo\XC3AB\,2000-08-18,F,
SLH,161886,Lindqvist,Mei,1995-12-10,O,
SLH,166490,Fern\XC3A1\ndez,Ingrid,1945-09-09,F,
SLH,169213,Ryan,Zo\XC3AB\,1980-07-26,F,
SLH,174001566,Chen,Fatima,1974-10-27,M,
SLH,176120,Fern\XC3A1\ndez,Fatima,1993-03-10,M,
SLH,177339885,Nguyen,Jos\XC3A9\,2000-09-17,F,
SLH,184310675,Baker,Priya,1961-12-18,M,
SLH,189015255,Smith,Zo\XC3AB\,1973-09-24,O,
SLH,189879320,Chen,Grace,1952-06-18,M,
SLH,194422273,Garcia,Mei,1994-11-02,O,
SLH,203411,Sch\XC3A4\fer,S\XC3B8\ren,1988-07-21,F,
SLH,205505,Ryan,Chlo\XC3A9\,1956-11-08,F,
SLH,209678,M\XC3BC\ller,Priya,1961-10-27,M,
SLH,209866,Sch\XC3A4\fer,Fatima,1993-11-24,M,
SLH,212578498,O\X27\Brien,Ren\XC3A9\,1945-02-20,F,
SLH,214276700,Sch\XC3A4\fer,Tom\XC3A1\s,1940-11-11,O,
SLH,217602,Ryan,Fatima,1990-08-06,M,
SLH,218532617,D\X27\Angelo,Noah,2011-06-01,F,
SLH,219240730,O\X27\Brien,Ren\XC3A9\,1975-06-16,M,
SLH,222661488,Chen,Mei,1965-07-22,F,
SLH,235657,M\XC3BC\ller,Fatima,1988-02-20,F,
SLH,247179847,M\XC3BC\ller,Ren\XC3A9\,1981-08-16,F,
SLH,248729496,Kowalski,Grace,2010-02-23,O,
SLH,249693372,Nguyen,Ana,1933-04-02,F,
SLH,264146,Lindqvist,Owen,1940-04-19,M,
SLH,273448004,Smith,Elena,1997-03-22,M,
SLH,273557346,M\XC3BC\ller,Fatima,1954-10-08,F,
SLH,274854639,Nguyen,Grace,1960-10-01,M,
SLH,286628556,Okafor,Fatima,1992-08-26,O,
SLH,287956323,Smith,Kwame,1987-10-19,F,
SLH,294507,Haddad,S\XC3B8\ren,2001-02-13,F,
SLH,295756039,Fern\XC3A1\ndez,Chlo\XC3A9\,2010-12-10,O,
SLH,297578,Okafor,Chlo\XC3A9\,1978-06-27,F,
SLH,305185751,Kowalski,Ren\XC3A9\,1976-11-16,F,
SLH,305308350,Sch\XC3A4\fer,Owen,1934-06-20,F,
SLH,312326,Smith,Ren\XC3A9\,1976-08-18,M,
SLH,314796,Chen,Tom\XC3A1\s,1931-04-15,M,
SLH,315217,Smith,Mei,1986-10-28,F,
SLH,315833716,Baker,Mei,1996-06-13,F,
SLH,320986979,Ivanova,Jos\XC3A9\,1931-01-01,M,
SLH,325572,Lindqvist,Grace,1964-06-13,O,
SLH,338288,Patel,Jos\XC3A9\,1968-04-26,F,
SLH,342025815,Ivanova,Zo\XC3AB\,1943-02-21,F,
SLH,350258,Kowalski,Kwame,2002-09-25,F,
SLH,355744,Baker,S\XC3B8\ren,1991-11-24,M,
SLH,359668,Smith,S\XC3B8\ren,2007-07-12,F,
SLH,361169,Okafor,Grace,1950-04-07,M,
SLH,376189,Chen,Priya,1949-01-06,M,
SLH,380640,M\XC3BC\ller,Kwame,1936-08-03,M,
SLH,383378199,Lindqvist,Tom\XC3A1\s,1997-05-04,M,
SLH,383999,Chen,Yusuf,1960-12-11,M,
SLH,385339,Garcia,Elena,1936-12-12,M,
SLH,393561,Fern\XC3A1\ndez,Chlo\XC3A9\,2010-12-10,O,
SLH,395826,Smith,Ingrid,2011-01-19,F,
SLH,396328,M\XC3BC\ller,Ren\XC3A9\,1981-08-16,F,
SLH,399958745,Ryan,Grace,1997-11-01,F,
SLH,402691045,Nguyen,Ren\XC3A9\,1945-08-24,M,
SLH,416502,Kowalski,Ingrid,1961-08-04,F,
SLH,422380220,Patel,Owen,1948-07-21,M,
SLH,427617,Patel,Fatima,2012-12-09,M,
SLH,430826,Haddad,Mei,1940-03-18,O,
SLH,435606073,Sch\XC3A4\fer,Fatima,1993-11-24,M,
SLH,437765,Smith,Ingrid,2006-04-04,M,
SLH,441736386,Garcia,Grace,1985-12-19,M,
SLH,442468830,Baker,S\XC3B8\ren,2005-12-23,O,
SLH,444625403,Patel,Jos\XC3A9\,1968-04-26,F,
SLH,448896,Dubois,Ingrid,1940-04-25,F,
SLH,454659,Patel,Fatima,1959-11-02,F,
SLH,457718,Fern\XC3A1\ndez,Liam,1968-10-27,M,
SLH,458824,Nguyen,Ren\XC3A9\,1945-08-24,M,
SLH,460650,Nguyen,Grace,1960-10-01,M,
SLH,461790,Smith,Kwame,1934-05-04,M,
SLH,466709152,Chen,Ren\XC3A9\,1977-02-17,M,
SLH,466729457,Chen,Elena,2004-02-12,M,
SLH,489882842,Smith,S\XC3B8\ren,1938-06-16,F,
SLH,492331443,Baker,Yusuf,1999-02-27,F,
SLH,498452524,Patel,Fatima,2012-12-09,M,
SLH,501398,Sch\XC3A4\fer,Owen,1934-06-20,F,
SLH,505683,Kowalski,Ren\XC3A9\,1976-11-16,F,
SLH,508047,O\X27\Brien,Ren\XC3A9\,1975-06-16,M,
SLH,510396,Haddad,Owen,1942-07-08,O,
SLH,512418277,D\X27\Angelo,Liam,1993-09-26,O,
SLH,514387459,Ryan,Jos\XC3A9\,1971-04-06,F,
SLH,515105761,Lindqvist,Chlo\XC3A9\,1958-09-23,O,
SLH,520215959,Ryan,Zo\XC3AB\,1980-07-26,F,
SLH,521095,Lindqvist,Zo\XC3AB\,1935-04-12,F,
SLH,521418,Patel,Ren\XC3A9\,1993-10-22,F,
SLH,521616211,Garcia,Chlo\XC3A9\,1973-02-22,F,
SLH,526839,Ryan,Jos\XC3A9\,1932-10-18,M,
SLH,536474,Lindqvist,Tom\XC3A1\s,1997-05-04,M,
SLH,545724060,Baker,S\XC3B8\ren,1991-11-24,M,
SLH,551222765,Dubois,Ingrid,1940-04-25,F,
SLH,555031868,Smith,Liam,1987-04-24,F,
SLH,557797,D\X27\Angelo,Noah,2011-06-01,F,
SLH,558435,Ivanova,Jos\XC3A9\,1931-01-01,M,
SLH,562392,Ryan,Grace,1935-06-11,O,
SLH,562804885,Fern\XC3A1\ndez,Fatima,1993-03-10,M,
SLH,565516,Baker,Priya,1961-12-18,M,
SLH,566507,Garcia,Chlo\XC3A9\,1973-02-22,F,
SLH,573587,Patel,Ana,1944-05-21,O,
SLH,578082,Nguyen,Grace,1971-04-10,O,
SLH,586793269,Baker,Yusuf,2006-08-24,M,
SLH,589387783,Smith,Ren\XC3A9\,1976-08-18,M,
SLH,597967,M\XC3BC\ller,Zo\XC3AB\,1971-11-12,M,
SLH,604986534,O\X27\Brien,Ren\XC3A9\,1932-04-28,M,
SLH,605613,Ivanova,Chlo\XC3A9\,1952-10-10,F,
SLH,617815,M\XC3BC\ller,Grace,1981-06-03,F,
SLH,623745922,Chen,Tom\XC3A1\s,1931-04-15,M,
SLH,623890615,O\X27\Brien,Elena,1931-09-03,F,
SLH,629211,Nguyen,Priya,2009-04-11,M,
SLH,630294,D\X27\Angelo,Priya,2007-02-09,F,
SLH,633709,Lindqvist,Zo\XC3AB\,2003-02-10,M,
SLH,634934,O\X27\Brien,Jos\XC3A9\,1985-07-08,M,
SLH,640074793,Kowalski,Priya,1972-12-19,O,
SLH,651192,Fern\XC3A1\ndez,Elena,1941-12-22,F,
SLH,655832649,Nguyen,Priya,2009-04-11,M,
SLH,666136,Smith,Ingrid,1975-09-19,F,
SLH,667698488,Lindqvist,S\XC3B8\ren,2005-06-28,F,
SLH,667880536,M\XC3BC\ller,Priya,1961-10-27,M,
SLH,674436,Lindqvist,S\XC3B8\ren,2005-06-28,F,
SLH,688745775,Chen,Yusuf,1960-12-11,M,
SLH,692522,Ivanova,Zo\XC3AB\,1943-02-21,F,
SLH,693621,Ryan,Jos\XC3A9\,1971-04-06,F,
SLH,695138617,Dubois,Fatima,1975-10-26,O,
SLH,697705729,Kowalski,S\XC3B8\ren,1948-12-12,O,
SLH,698789,Chen,Ren\XC3A9\,1977-02-17,M,
SLH,717117,Fern\XC3A1\ndez,Priya,1998-10-22,M,
SLH,727888071,Garcia,Mei,1972-12-17,M,
SLH,746188,Dubois,Grace,1939-09-08,F,
SLH,751882761,Sch\XC3A4\fer,S\XC3B8\ren,1988-07-21,F,
SLH,754683773,Fern\XC3A1\ndez,Owen,1985-12-12,F,
SLH,763627174,Nguyen,Ana,1977-01-13,F,
SLH,772713,Smith,Elena,1997-03-22,M,
SLH,773679645,Ivanova,Chlo\XC3A9\,1952-10-10,F,
SLH,782077,Ryan,Liam,1959-07-11,M,
SLH,784919,Baker,Yusuf,2006-08-24,M,
SLH,786077702,Sch\XC3A4\fer,Ren\XC3A9\,1994-06-01,O,
SLH,786290,Baker,Yusuf,1999-02-27,F,
SLH,790607481,M\XC3BC\ller,Grace,1981-06-03,F,
SLH,795481,Baker,Owen,1982-10-02,M,
SLH,797961,Baker,Ingrid,1962-11-25,M,
SLH,799476663,M\XC3BC\ller,Mei,2003-01-18,M,
SLH,805951976,Smith,Zo\XC3AB\,1951-12-26,F,
SLH,807745801,Chen,Priya,1949-01-06,M,
SLH,821872,Okafor,Fatima,1992-08-26,O,
SLH,837766391,Nguyen,Grace,1971-04-10,O,
SLH,851709,Fern\XC3A1\ndez,Zo\XC3AB\,1969-02-09,F,
SLH,854972350,Smith,S\XC3B8\ren,1959-01-06,M,
SLH,857911,O\X27\Brien,Ren\XC3A9\,1945-02-20,F,
SLH,860443,Ryan,Liam,1942-05-07,M,
SLH,862616,Nguyen,Ana,1977-01-13,F,
SLH,865615,Sch\XC3A4\fer,Yusuf,1934-04-28,O,
SLH,883263,Patel,Elena,2004-06-28,M,
SLH,888452,Okafor,Ingrid,1959-10-19,O,
SLH,889255,Nguyen,Mei,1944-03-24,M,
SLH,890525873,Ryan,Mei,1952-09-03,M,
SLH,898797,Kowalski,S\XC3B8\ren,1948-12-12,O,
SLH,899201,O\X27\Brien,Ingrid,1954-02-03,F,
SLH,925637,Fern\XC3A1\ndez,Chlo\XC3A9\,1963-03-01,O,
SLH,926933,Baker,Mei,1996-06-13,F,
SLH,930324,Haddad,Ren\XC3A9\,1983-06-18,M,
SLH,940475,Garcia,Mei,1972-12-17,M,
SLH,940996,Chen,Elena,2004-02-12,M,
SLH,961526,Fern\XC3A1\ndez,Liam,1958-04-06,F,
SLH,971962,Dubois,Fatima,1975-10-26,O,
SLH,982753,D\X27\Angelo,Liam,1993-09-26,O,
