date,facility,mrn,visit,patient,order,loinc,sub_id,value,units,observed_local
2026-03-09,MERCY,124405,V74792520,"Ivanova, Mei",LAB130912,2160-0,,31,mg/dL,2026-03-09 06:29
2026-03-09,MERCY,124405,V74792520,"Ivanova, Mei",LAB130912,2345-7,,317,mg/dL,2026-03-09 06:20
2026-03-09,MERCY,124405,V74792520,"Ivanova, Mei",LAB130912,6690-2,,191,10*3/uL,2026-03-09 06:31
2026-03-09,MERCY,124405,V74792520,"Ivanova, Mei",LAB130912,718-7,,143,g/dL,2026-03-09 06:28
2026-03-09,MERCY,167891,V23553478,"M\XC3BC\ller, Liam",LAB130954,6690-2,,182,10*3/uL,2026-03-09 23:22
2026-03-09,MERCY,167891,V23553478,"M\XC3BC\ller, Liam",LAB130954,718-7,,101,g/dL,2026-03-09 23:08
2026-03-09,MERCY,258112206,V36935298,"Nguyen, Noah",LAB130927,8310-5,,355,Cel,2026-03-09 11:17
2026-03-09,MERCY,305505,V20230525,"Patel, Ingrid",LAB130943,2823-3,,37,mmol/L,2026-03-09 18:06
2026-03-09,MERCY,367839,V57281732,"Patel, Elena",LAB130913,6690-2,,30,10*3/uL,2026-03-09 07:41
2026-03-09,MERCY,367839,V57281732,"Patel, Elena",LAB130955,2345-7,,248,mg/dL,2026-03-09 23:04
2026-03-09,MERCY,367839,V57281732,"Patel, Elena",LAB130955,2823-3,,60,mmol/L,2026-03-09 23:05
2026-03-09,MERCY,413581158,V77782003,"Haddad, Mei",LAB130949,2345-7,,180,mg/dL,2026-03-09 21:39
2026-03-09,MERCY,413581158,V77782003,"Haddad, Mei",LAB130949,2951-2,,149,mmol/L,2026-03-09 21:41
2026-03-09,MERCY,413581158,V77782003,"Haddad, Mei",LAB130949,8310-5,,394,Cel,2026-03-09 22:09
2026-03-09,MERCY,493311,V18928485,"Lindqvist, S\XC3B8\ren",LAB130953,2160-0,,40,mg/dL,2026-03-09 23:13
2026-03-09,MERCY,493311,V18928485,"Lindqvist, S\XC3B8\ren",LAB130953,2951-2,,137,mmol/L,2026-03-09 23:13
2026-03-09,MERCY,493311,V18928485,"Lindqvist, S\XC3B8\ren",LAB130953,718-7,,72,g/dL,2026-03-09 23:13
2026-03-09,MERCY,565263062,V19752916,"Kowalski, Jos\XC3A9\",LAB130942,2160-0,,7,mg/dL,2026-03-09 18:52
2026-03-09,MERCY,565263062,V19752916,"Kowalski, Jos\XC3A9\",LAB130942,2345-7,,203,mg/dL,2026-03-09 18:52
2026-03-09,MERCY,565263062,V19752916,"Kowalski, Jos\XC3A9\",LAB130942,2823-3,,44,mmol/L,2026-03-09 19:08
2026-03-09,MERCY,678228362,V74792520,"Ivanova, Mei",LAB130910,2345-7,,76,mg/dL,2026-03-09 10:34
2026-03-09,MERCY,786476,V84137360,"Haddad, S\XC3B8\ren",LAB130926,2345-7,,157,mg/dL,2026-03-09 11:25
2026-03-09,MERCY,812975135,V51456216,"Patel, Owen",LAB130939,2160-0,,42,mg/dL,2026-03-09 16:53
2026-03-09,MERCY,812975135,V51456216,"Patel, Owen",LAB130939,2951-2,,142,mmol/L,2026-03-09 16:53
2026-03-09,MERCY,812975135,V51456216,"Patel, Owen",LAB130939,8310-5,,366,Cel,2026-03-09 16:57
2026-03-09,MERCY,819114134,V48453759,"Fern\XC3A1\ndez, Liam",LAB130950,2345-7,,192,mg/dL,2026-03-09 21:44
2026-03-09,MERCY,819114134,V48453759,"Fern\XC3A1\ndez, Liam",LAB130950,2823-3,,29,mmol/L,2026-03-09 21:56
2026-03-09,MERCY,819114134,V48453759,"Fern\XC3A1\ndez, Liam",LAB130950,2951-2,,149,mmol/L,2026-03-09 21:42
2026-03-09,MERCY,819114134,V48453759,"Fern\XC3A1\ndez, Liam",LAB130950,6690-2,,57,10*3/uL,2026-03-09 21:47
2026-03-09,MERCY,874025306,V33654301,"Sch\XC3A4\fer, Ingrid",LAB130911,2345-7,,165,mg/dL,2026-03-09 08:13
2026-03-09,MERCY,874025306,V33654301,"Sch\XC3A4\fer, Ingrid",LAB130911,2951-2,,125,mmol/L,2026-03-09 08:13
2026-03-09,MERCY,874025306,V33654301,"Sch\XC3A4\fer, Ingrid",LAB130911,6690-2,,85,10*3/uL,2026-03-09 08:38
2026-03-09,MERCY,874025306,V33654301,"Sch\XC3A4\fer, Ingrid",LAB130911,718-7,,69,g/dL,2026-03-09 08:13
2026-03-09,MERCY,898453,V33654301,"Sch\XC3A4\fer, Ingrid",LAB130909,2160-0,,27,mg/dL,2026-03-09 06:35
2026-03-09,MERCY,959332,V52117745,"Fern\XC3A1\ndez, Mei",LAB130930,2160-0,,6,mg/dL,2026-03-09 11:53
2026-03-09,MERCY,959332,V52117745,"Fern\XC3A1\ndez, Mei",LAB130930,2345-7,,312,mg/dL,2026-03-09 12:05
2026-03-09,MERCY,959332,V52117745,"Fern\XC3A1\ndez, Mei",LAB130930,2951-2,,127,mmol/L,2026-03-09 12:13
2026-03-09,MERCY,970713,V48164413,"Baker, Mei",LAB130905,2951-2,,136,mmol/L,2026-03-09 05:03
2026-03-09,MERCY,970713,V48164413,"Baker, Mei",LAB130916,2345-7,,177,mg/dL,2026-03-09 12:16
2026-03-09,RVW,100246,V28197901,"Patel, Ren\XC3A9\",LAB130915,2160-0,,42,mg/dL,2026-03-09 11:58
2026-03-09,RVW,100246,V28197901,"Patel, Ren\XC3A9\",LAB130915,2823-3,,48,mmol/L,2026-03-09 11:58
2026-03-09,RVW,100246,V28197901,"Patel, Ren\XC3A9\",LAB130937,2160-0,,32,mg/dL,2026-03-09 21:22
2026-03-09,RVW,100246,V28197901,"Patel, Ren\XC3A9\",LAB130937,2345-7,,67,mg/dL,2026-03-09 21:22
2026-03-09,RVW,100246,V28197901,"Patel, Ren\XC3A9\",LAB130937,2823-3,,38,mmol/L,2026-03-09 21:22
2026-03-09,RVW,100246,V28197901,"Patel, Ren\XC3A9\",LAB130937,8310-5,,374,Cel,2026-03-09 21:22
2026-03-09,RVW,170183,V22450085,"Baker, Yusuf",LAB130903,2345-7,,155,mg/dL,2026-03-09 06:42
2026-03-09,RVW,174479,V50131061,"Smith, S\XC3B8\ren",LAB130908,2160-0,,43,mg/dL,2026-03-09 09:30
2026-03-09,RVW,174479,V50131061,"Smith, S\XC3B8\ren",LAB130908,2345-7,,107,mg/dL,2026-03-09 09:34
2026-03-09,RVW,174479,V50131061,"Smith, S\XC3B8\ren",LAB130908,2823-3,,45,mmol/L,2026-03-09 09:30
2026-03-09,RVW,174479,V50131061,"Smith, S\XC3B8\ren",LAB130908,718-7,,144,g/dL,2026-03-09 09:30
2026-03-09,RVW,200264,V80375751,"O\X27\Brien, Fatima",LAB130925,2345-7,,145,mg/dL,2026-03-09 15:12
2026-03-09,RVW,489162657,V31661921,"Garcia, Mei",LAB130931,2951-2,,141,mmol/L,2026-03-09 12:18
2026-03-09,RVW,531354136,V92363538,"Garcia, Elena",LAB130919,2345-7,,184,mg/dL,2026-03-09 13:40
2026-03-09,RVW,740061,V86792999,"Dubois, Zo\XC3AB\",LAB130938,2951-2,,128,mmol/L,2026-03-09 19:02
2026-03-09,RVW,768854526,V75738614,"Smith, Fatima",LAB130920,2823-3,,57,mmol/L,2026-03-09 11:44
2026-03-09,RVW,768854526,V75738614,"Smith, Fatima",LAB130920,2951-2,,129,mmol/L,2026-03-09 11:55
2026-03-09,RVW,768854526,V75738614,"Smith, Fatima",LAB130920,718-7,,152,g/dL,2026-03-09 11:49
2026-03-09,RVW,888455,V74279320,"Fern\XC3A1\ndez, Mei",LAB130918,2345-7,,297,mg/dL,2026-03-09 09:27
2026-03-09,RVW,888455,V74279320,"Fern\XC3A1\ndez, Mei",LAB130918,2951-2,,138,mmol/L,2026-03-09 09:27
2026-03-09,RVW,888455,V74279320,"Fern\XC3A1\ndez, Mei",LAB130918,6690-2,,54,10*3/uL,2026-03-09 09:27
2026-03-09,RVW,888455,V74279320,"Fern\XC3A1\ndez, Mei",LAB130918,718-7,,119,g/dL,2026-03-09 09:27
2026-03-09,RVW,937652,V25136141,"Okafor, Liam",LAB130947,718-7,,69,g/dL,2026-03-09 23:22
2026-03-09,RVW,937652,V25136141,"Okafor, Liam",LAB130947,8310-5,,373,Cel,2026-03-09 23:31
2026-03-09,SLH,149093757,V42850097,"Dubois, Fatima",LAB130934,6690-2,,134,10*3/uL,2026-03-09 13:35
2026-03-09,SLH,149093757,V42850097,"Dubois, Fatima",LAB130934,8310-5,,356,Cel,2026-03-09 13:16
2026-03-09,SLH,176120,V78299355,"Fern\XC3A1\ndez, Fatima",LAB130923,2823-3,,47,mmol/L,2026-03-09 11:18
2026-03-09,SLH,355744,V39402014,"Baker, S\XC3B8\ren",LAB130944,2160-0,,37,mg/dL,2026-03-09 21:20
2026-03-09,SLH,355744,V39402014,"Baker, S\XC3B8\ren",LAB130944,2345-7,,136,mg/dL,2026-03-09 21:20
2026-03-09,SLH,355744,V39402014,"Baker, S\XC3B8\ren",LAB130944,6690-2,,41,10*3/uL,2026-03-09 21:20
2026-03-09,SLH,355744,V39402014,"Baker, S\XC3B8\ren",LAB130944,718-7,,146,g/dL,2026-03-09 21:20
2026-03-09,SLH,355744,V46821869,"Baker, S\XC3B8\ren",LAB130936,718-7,,138,g/dL,2026-03-09 15:14
2026-03-09,SLH,355744,V46821869,"Baker, S\XC3B8\ren",LAB130936,8310-5,,384,Cel,2026-03-09 15:14
2026-03-09,SLH,435606073,V87770626,"Sch\XC3A4\fer, Fatima",LAB130941,718-7,,155,g/dL,2026-03-09 20:25
2026-03-09,SLH,448896,V25588867,"Dubois, Ingrid",LAB130933,2345-7,,182,mg/dL,2026-03-09 16:51
2026-03-09,SLH,501398,V46821869,"Sch\XC3A4\fer, Owen",LAB130921,6690-2,,94,10*3/uL,2026-03-09 12:32
2026-03-09,SLH,551222765,V25588867,"Dubois, Ingrid",LAB130932,2160-0,,40,mg/dL,2026-03-09 14:27
2026-03-09,SLH,551222765,V25588867,"Dubois, Ingrid",LAB130932,2345-7,,195,mg/dL,2026-03-09 14:27
2026-03-09,SLH,551222765,V25588867,"Dubois, Ingrid",LAB130932,718-7,,61,g/dL,2026-03-09 14:54
2026-03-09,SLH,551222765,V25588867,"Dubois, Ingrid",LAB130932,8310-5,,369,Cel,2026-03-09 14:27
2026-03-09,SLH,557797,V13998353,"D\X27\Angelo, Noah",LAB130914,2823-3,,52,mmol/L,2026-03-09 08:30
2026-03-09,SLH,557797,V13998353,"D\X27\Angelo, Noah",LAB130914,2951-2,,147,mmol/L,2026-03-09 08:30
2026-03-09,SLH,562804885,V78299355,"Fern\XC3A1\ndez, Fatima",LAB130904,6690-2,,166,10*3/uL,2026-03-09 05:21
2026-03-09,SLH,655832649,V35574813,"Nguyen, Priya",LAB130922,2345-7,,72,mg/dL,2026-03-09 13:33
2026-03-09,SLH,655832649,V35574813,"Nguyen, Priya",LAB130935,2823-3,,35,mmol/L,2026-03-09 16:23
2026-03-09,SLH,655832649,V35574813,"Nguyen, Priya",LAB130935,2951-2,,141,mmol/L,2026-03-09 16:46
2026-03-09,SLH,655832649,V35574813,"Nguyen, Priya",LAB130935,6690-2,,115,10*3/uL,2026-03-09 16:27
2026-03-09,SLH,899201,V81558914,"O\X27\Brien, Ingrid",LAB130901,2345-7,,126,mg/dL,2026-03-09 03:23
2026-03-09,SLH,899201,V81558914,"O\X27\Brien, Ingrid",LAB130901,2951-2,,132,mmol/L,2026-03-09 03:32
2026-03-09,SLH,899201,V81558914,"O\X27\Brien, Ingrid",LAB130901,718-7,,118,g/dL,2026-03-09 03:50
2026-03-10,MERCY,166867,V42698205,"Fern\XC3A1\ndez, Fatima",LAB131004,2160-0,,6,mg/dL,2026-03-10 19:23
2026-03-10,MERCY,166867,V42698205,"Fern\XC3A1\ndez, Fatima",LAB131004,2823-3,,29,mmol/L,2026-03-10 19:09
2026-03-10,MERCY,166867,V42698205,"Fern\XC3A1\ndez, Fatima",LAB131004,2951-2,,125,mmol/L,2026-03-10 19:14
2026-03-10,MERCY,166867,V42698205,"Fern\XC3A1\ndez, Fatima",LAB131004,718-7,,153,g/dL,2026-03-10 19:15
2026-03-10,MERCY,242171134,V43621469,"Patel, Elena",LAB130975,2345-7,,96,mg/dL,2026-03-10 10:53
2026-03-10,MERCY,258112206,V36935298,"Nguyen, Noah",LAB130967,2345-7,,139,mg/dL,2026-03-10 07:31
2026-03-10,MERCY,258112206,V36935298,"Nguyen, Noah",LAB130979,2160-0,,25,mg/dL,2026-03-10 10:42
2026-03-10,MERCY,258112206,V36935298,"Nguyen, Noah",LAB130980,718-7,,142,g/dL,2026-03-10 11:51
2026-03-10,MERCY,263744,V75542003,"Okafor, Mei",LAB131000,2160-0,,14,mg/dL,2026-03-10 20:32
2026-03-10,MERCY,263744,V75542003,"Okafor, Mei",LAB131000,2345-7,,241,mg/dL,2026-03-10 20:32
2026-03-10,MERCY,263744,V75542003,"Okafor, Mei",LAB131000,6690-2,,102,10*3/uL,2026-03-10 20:32
2026-03-10,MERCY,309114,V69626210,"Okafor, Grace",LAB131323,6690-2,,70,10*3/uL,2026-03-10 08:04
2026-03-10,MERCY,309114,V69626210,"Okafor, Grace",LAB131323,718-7,,107,g/dL,2026-03-10 08:04
2026-03-10,MERCY,325010,V19623478,"D\X27\Angelo, Kwame",LAB131010,2823-3,,32,mmol/L,2026-03-10 22:20
2026-03-10,MERCY,325010,V19623478,"D\X27\Angelo, Kwame",LAB131010,8310-5,,397,Cel,2026-03-10 22:20
2026-03-10,MERCY,339017,V88675383,"O\X27\Brien, Grace",LAB130983,2160-0,,34,mg/dL,2026-03-10 12:18
2026-03-10,MERCY,339017,V88675383,"O\X27\Brien, Grace",LAB130983,2951-2,,135,mmol/L,2026-03-10 12:30
2026-03-10,MERCY,339017,V88675383,"O\X27\Brien, Grace",LAB130983,718-7,,150,g/dL,2026-03-10 12:18
2026-03-10,MERCY,339017,V88675383,"O\X27\Brien, Grace",LAB130983,8310-5,,360,Cel,2026-03-10 12:18
2026-03-10,MERCY,367839,V57281732,"Patel, Elena",LAB130961,2160-0,,29,mg/dL,2026-03-10 03:01
2026-03-10,MERCY,367839,V57281732,"Patel, Elena",LAB130961,718-7,,112,g/dL,2026-03-10 03:01
2026-03-10,MERCY,385156,V24699352,"D\X27\Angelo, Zo\XC3AB\",LAB130966,2823-3,,41,mmol/L,2026-03-10 05:25
2026-03-10,MERCY,493311,V18928485,"Lindqvist, S\XC3B8\ren",LAB130974,718-7,,74,g/dL,2026-03-10 08:56
2026-03-10,MERCY,603910749,V40607263,"Kowalski, Priya",LAB130971,2345-7,,195,mg/dL,2026-03-10 10:55
2026-03-10,MERCY,684710781,V77641581,"Dubois, Jos\XC3A9\",LAB130958,2823-3,,55,mmol/L,2026-03-10 01:46
2026-03-10,MERCY,684710781,V77641581,"Dubois, Jos\XC3A9\",LAB130958,718-7,,114,g/dL,2026-03-10 02:09
2026-03-10,MERCY,763014,V59674931,"Okafor, Chlo\XC3A9\",LAB130960,2345-7,,141,mg/dL,2026-03-10 01:27
2026-03-10,MERCY,763014,V59674931,"Okafor, Chlo\XC3A9\",LAB130960,6690-2,,111,10*3/uL,2026-03-10 01:34
2026-03-10,MERCY,763014,V59674931,"Okafor, Chlo\XC3A9\",LAB130960,8310-5,,361,Cel,2026-03-10 01:55
2026-03-10,MERCY,763014,V59674931,"Okafor, Chlo\XC3A9\",LAB130973,2345-7,,122,mg/dL,2026-03-10 11:56
2026-03-10,MERCY,779657407,V40648139,"M\XC3BC\ller, Priya",LAB130962,2160-0,,39,mg/dL,2026-03-10 03:52
2026-03-10,MERCY,779657407,V40648139,"M\XC3BC\ller, Priya",LAB130962,2951-2,,134,mmol/L,2026-03-10 03:52
2026-03-10,MERCY,779657407,V40648139,"M\XC3BC\ller, Priya",LAB130962,8310-5,,400,Cel,2026-03-10 03:52
2026-03-10,MERCY,790209578,V83679138,"Baker, Yusuf",LAB131011,2951-2,,145,mmol/L,2026-03-10 22:25
2026-03-10,MERCY,790209578,V83679138,"Baker, Yusuf",LAB131011,6690-2,,126,10*3/uL,2026-03-10 22:12
2026-03-10,MERCY,790209578,V83679138,"Baker, Yusuf",LAB131011,718-7,,129,g/dL,2026-03-10 22:12
2026-03-10,MERCY,790209578,V83679138,"Baker, Yusuf",LAB131011,8310-5,,356,Cel,2026-03-10 22:14
2026-03-10,MERCY,895320,V54819929,"Dubois, Yusuf",LAB131002,2951-2,,138,mmol/L,2026-03-10 20:20
2026-03-10,RVW,174479,V50131061,"Smith, S\XC3B8\ren",LAB130976,2345-7,,153,mg/dL,2026-03-10 12:35
2026-03-10,RVW,212823,V31661921,"Garcia, Mei",LAB130972,2345-7,,78,mg/dL,2026-03-10 08:47
2026-03-10,RVW,212823,V31661921,"Garcia, Mei",LAB130972,2823-3,,28,mmol/L,2026-03-10 08:47
2026-03-10,RVW,212823,V31661921,"Garcia, Mei",LAB130972,6690-2,,78,10*3/uL,2026-03-10 08:47
2026-03-10,RVW,212823,V31661921,"Garcia, Mei",LAB130972,8310-5,,384,Cel,2026-03-10 08:47
2026-03-10,RVW,328086015,V63238037,"Smith, Elena",LAB130968,2823-3,,61,mmol/L,2026-03-10 06:22
2026-03-10,RVW,328086015,V63238037,"Smith, Elena",LAB130968,6690-2,,141,10*3/uL,2026-03-10 06:43
2026-03-10,RVW,418681,V60639400,"Ryan, Tom\XC3A1\s",LAB130978,718-7,,116,g/dL,2026-03-10 11:53
2026-03-10,RVW,486508868,V42733812,"Sch\XC3A4\fer, Mei",LAB130991,2345-7,,287,mg/dL,2026-03-10 16:09
2026-03-10,RVW,486508868,V42733812,"Sch\XC3A4\fer, Mei",LAB130991,2823-3,,30,mmol/L,2026-03-10 15:48
2026-03-10,RVW,567220,V32685503,"Haddad, Fatima",LAB130948,2951-2,,143,mmol/L,2026-03-10 01:02
2026-03-10,RVW,567220,V32685503,"Haddad, Fatima",LAB130948,6690-2,,38,10*3/uL,2026-03-10 00:46
2026-03-10,RVW,567220,V32685503,"Haddad, Fatima",LAB130948,718-7,,90,g/dL,2026-03-10 01:07
2026-03-10,RVW,567220,V32685503,"Haddad, Fatima",LAB130986,2160-0,,38,mg/dL,2026-03-10 13:59
2026-03-10,RVW,567220,V32685503,"Haddad, Fatima",LAB130986,2345-7,,125,mg/dL,2026-03-10 13:57
2026-03-10,RVW,567220,V32685503,"Haddad, Fatima",LAB130986,2823-3,,42,mmol/L,2026-03-10 13:48
2026-03-10,RVW,567220,V32685503,"Haddad, Fatima",LAB130986,2951-2,,126,mmol/L,2026-03-10 13:48
2026-03-10,RVW,567220,V32685503,"Haddad, Fatima",LAB130990,8310-5,,358,Cel,2026-03-10 16:10
2026-03-10,RVW,580011,V96448787,"Ryan, Jos\XC3A9\",LAB130956,2951-2,,139,mmol/L,2026-03-10 04:58
2026-03-10,RVW,580011,V96448787,"Ryan, Jos\XC3A9\",LAB130956,6690-2,,167,10*3/uL,2026-03-10 04:58
2026-03-10,RVW,580011,V96448787,"Ryan, Jos\XC3A9\",LAB130956,8310-5,,386,Cel,2026-03-10 04:58
2026-03-10,RVW,609189049,V65807668,"Sch\XC3A4\fer, Owen",LAB131008,6690-2,,216,10*3/uL,2026-03-10 23:21
2026-03-10,RVW,609189049,V65807668,"Sch\XC3A4\fer, Owen",LAB131008,8310-5,,389,Cel,2026-03-10 23:21
2026-03-10,RVW,623585,V81670174,"Nguyen, Zo\XC3AB\",LAB130963,2345-7,,210,mg/dL,2026-03-10 09:11
2026-03-10,RVW,747381828,V28197901,"Patel, Ren\XC3A9\",LAB130995,8310-5,,398,Cel,2026-03-10 18:09
2026-03-10,RVW,768854526,V75738614,"Smith, Fatima",LAB130992,2345-7,,298,mg/dL,2026-03-10 15:42
2026-03-10,RVW,768854526,V75738614,"Smith, Fatima",LAB130992,6690-2,,190,10*3/uL,2026-03-10 15:49
2026-03-10,RVW,768854526,V75738614,"Smith, Fatima",LAB130992,718-7,,103,g/dL,2026-03-10 15:56
2026-03-10,RVW,923779,V28323021,"Ivanova, Grace",LAB130977,6690-2,,120,10*3/uL,2026-03-10 12:03
2026-03-10,RVW,923779,V28323021,"Ivanova, Grace",LAB130977,8310-5,,374,Cel,2026-03-10 12:18
2026-03-10,SLH,149093757,V42850097,"Dubois, Fatima",LAB130965,2160-0,,41,mg/dL,2026-03-10 04:18
2026-03-10,SLH,149093757,V42850097,"Dubois, Fatima",LAB130965,718-7,,83,g/dL,2026-03-10 03:59
2026-03-10,SLH,149093757,V42850097,"Dubois, Fatima",LAB130965,8310-5,,376,Cel,2026-03-10 03:59
2026-03-10,SLH,151464,V38873262,"Fern\XC3A1\ndez, Owen",LAB130985,2345-7,,236,mg/dL,2026-03-10 12:08
2026-03-10,SLH,151464,V38873262,"Fern\XC3A1\ndez, Owen",LAB130985,2951-2,,135,mmol/L,2026-03-10 12:08
2026-03-10,SLH,151464,V38873262,"Fern\XC3A1\ndez, Owen",LAB130985,718-7,,174,g/dL,2026-03-10 12:21
2026-03-10,SLH,218532617,V13998353,"D\X27\Angelo, Noah",LAB130989,2160-0,,22,mg/dL,2026-03-10 14:13
2026-03-10,SLH,218532617,V13998353,"D\X27\Angelo, Noah",LAB130989,2823-3,,41,mmol/L,2026-03-10 13:55
2026-03-10,SLH,218532617,V13998353,"D\X27\Angelo, Noah",LAB130989,2951-2,,139,mmol/L,2026-03-10 13:48
2026-03-10,SLH,218532617,V13998353,"D\X27\Angelo, Noah",LAB130989,6690-2,,36,10*3/uL,2026-03-10 13:48
2026-03-10,SLH,325572,V38879809,"Lindqvist, Grace",LAB131006,2823-3,,36,mmol/L,2026-03-10 21:49
2026-03-10,SLH,325572,V38879809,"Lindqvist, Grace",LAB131006,6690-2,,101,10*3/uL,2026-03-10 21:22
2026-03-10,SLH,325572,V38879809,"Lindqvist, Grace",LAB131006,718-7,,112,g/dL,2026-03-10 21:45
2026-03-10,SLH,444625403,V67854587,"Patel, Jos\XC3A9\",LAB130987,2345-7,,82,mg/dL,2026-03-10 16:46
2026-03-10,SLH,444625403,V67854587,"Patel, Jos\XC3A9\",LAB130997,2951-2,,146,mmol/L,2026-03-10 18:42
2026-03-10,SLH,562392,V10881433,"Ryan, Grace",LAB130952,2160-0,,40,mg/dL,2026-03-10 01:43
2026-03-10,SLH,562392,V10881433,"Ryan, Grace",LAB130952,2951-2,,135,mmol/L,2026-03-10 01:57
2026-03-10,SLH,562392,V10881433,"Ryan, Grace",LAB130952,6690-2,,63,10*3/uL,2026-03-10 01:43
2026-03-10,SLH,623745922,V47800503,"Chen, Tom\XC3A1\s",LAB130998,2345-7,,93,mg/dL,2026-03-10 20:49
2026-03-10,SLH,751882761,V75392653,"Sch\XC3A4\fer, S\XC3B8\ren",LAB130988,2160-0,,31,mg/dL,2026-03-10 13:56
2026-03-10,SLH,751882761,V75392653,"Sch\XC3A4\fer, S\XC3B8\ren",LAB130988,2345-7,,167,mg/dL,2026-03-10 13:56
2026-03-10,SLH,751882761,V75392653,"Sch\XC3A4\fer, S\XC3B8\ren",LAB130988,2951-2,,125,mmol/L,2026-03-10 14:04
2026-03-10,SLH,772713,V23377903,"Smith, Elena",LAB130999,2345-7,,136,mg/dL,2026-03-10 20:40
2026-03-10,SLH,784919,V58161034,"Baker, Yusuf",LAB130981,2823-3,,33,mmol/L,2026-03-10 11:33
2026-03-10,SLH,784919,V58161034,"Baker, Yusuf",LAB130981,6690-2,,203,10*3/uL,2026-03-10 11:33
2026-03-10,SLH,786290,V66000597,"Baker, Yusuf",LAB130982,2160-0,,21,mg/dL,2026-03-10 13:46
2026-03-10,SLH,786290,V66000597,"Baker, Yusuf",LAB130982,2345-7,,308,mg/dL,2026-03-10 13:59
2026-03-10,SLH,786290,V66000597,"Baker, Yusuf",LAB130982,2823-3,,28,mmol/L,2026-03-10 13:56
2026-03-10,SLH,795481,V32577981,"Baker, Owen",LAB130964,2823-3,,30,mmol/L,2026-03-10 06:58
2026-03-10,SLH,795481,V32577981,"Baker, Owen",LAB130964,2951-2,,140,mmol/L,2026-03-10 06:41
2026-03-10,SLH,795481,V32577981,"Baker, Owen",LAB130964,6690-2,,90,10*3/uL,2026-03-10 07:00
2026-03-10,SLH,795481,V32577981,"Baker, Owen",LAB130964,8310-5,,377,Cel,2026-03-10 06:41
2026-03-10,SLH,851709,V42888332,"Fern\XC3A1\ndez, Zo\XC3AB\",LAB130957,2345-7,,194,mg/dL,2026-03-10 05:58
2026-03-10,SLH,851709,V42888332,"Fern\XC3A1\ndez, Zo\XC3AB\",LAB130984,2345-7,,127,mg/dL,2026-03-10 12:49
2026-03-10,SLH,851709,V42888332,"Fern\XC3A1\ndez, Zo\XC3AB\",LAB130993,2951-2,,149,mmol/L,2026-03-10 16:27
2026-03-10,SLH,851709,V42888332,"Fern\XC3A1\ndez, Zo\XC3AB\",LAB130993,6690-2,,118,10*3/uL,2026-03-10 16:23
2026-03-10,SLH,851709,V42888332,"Fern\XC3A1\ndez, Zo\XC3AB\",LAB130993,718-7,,109,g/dL,2026-03-10 16:23
2026-03-11,MERCY,166867,V42698205,"Fern\XC3A1\ndez, Fatima",LAB131056,2345-7,,204,mg/dL,2026-03-11 23:19
2026-03-11,MERCY,188575240,V48064371,"Garcia, Chlo\XC3A9\",LAB131043,2345-7,,197,mg/dL,2026-03-11 14:03
2026-03-11,MERCY,202000706,V54819929,"Dubois, Yusuf",LAB131067,2345-7,,94,mg/dL,2026-03-11 22:52
2026-03-11,MERCY,206472,V78061374,"Dubois, Mei",LAB131070,2823-3,,44,mmol/L,2026-03-11 23:57
2026-03-11,MERCY,206472,V78061374,"Dubois, Mei",LAB131070,8310-5,,357,Cel,2026-03-11 23:57
2026-03-11,MERCY,293195925,V31800937,"O\X27\Brien, Liam",LAB131059,2345-7,,288,mg/dL,2026-03-11 21:42
2026-03-11,MERCY,293195925,V31800937,"O\X27\Brien, Liam",LAB131059,8310-5,,359,Cel,2026-03-11 21:42
2026-03-11,MERCY,305505,V20230525,"Patel, Ingrid",LAB131049,2160-0,,21,mg/dL,2026-03-11 15:58
2026-03-11,MERCY,305505,V20230525,"Patel, Ingrid",LAB131049,2345-7,,193,mg/dL,2026-03-11 16:10
2026-03-11,MERCY,305505,V20230525,"Patel, Ingrid",LAB131049,6690-2,,184,10*3/uL,2026-03-11 15:44
2026-03-11,MERCY,305505,V20230525,"Patel, Ingrid",LAB131049,718-7,,100,g/dL,2026-03-11 15:59
2026-03-11,MERCY,309114,V69626210,"Okafor, Grace",LAB131324,2345-7,,182,mg/dL,2026-03-11 12:48
2026-03-11,MERCY,459362,V31800937,"O\X27\Brien, Liam",LAB131025,2345-7,,72,mg/dL,2026-03-11 08:32
2026-03-11,MERCY,516363341,V90433537,"Okafor, Chlo\XC3A9\",LAB131009,2345-7,,83,mg/dL,2026-03-11 03:16
2026-03-11,MERCY,565263062,V19752916,"Kowalski, Jos\XC3A9\",LAB131014,2160-0,,13,mg/dL,2026-03-11 00:13
2026-03-11,MERCY,565263062,V19752916,"Kowalski, Jos\XC3A9\",LAB131014,8310-5,,386,Cel,2026-03-11 00:13
2026-03-11,MERCY,721430,V36935298,"Nguyen, Noah",LAB131023,2823-3,,28,mmol/L,2026-03-11 02:24
2026-03-11,MERCY,721430,V36935298,"Nguyen, Noah",LAB131023,718-7,,88,g/dL,2026-03-11 02:24
2026-03-11,MERCY,721430,V36935298,"Nguyen, Noah",LAB131063,2823-3,,40,mmol/L,2026-03-11 21:30
2026-03-11,MERCY,721430,V36935298,"Nguyen, Noah",LAB131063,6690-2,,120,10*3/uL,2026-03-11 21:30
2026-03-11,MERCY,925237,V99341218,"Ivanova, Grace",LAB131062,2345-7,,102,mg/dL,2026-03-11 21:47
2026-03-11,RVW,119813048,V18896846,"Fern\XC3A1\ndez, Ren\XC3A9\",LAB131041,2160-0,,21,mg/dL,2026-03-11 10:53
2026-03-11,RVW,119813048,V18896846,"Fern\XC3A1\ndez, Ren\XC3A9\",LAB131041,2345-7,,158,mg/dL,2026-03-11 10:53
2026-03-11,RVW,119813048,V18896846,"Fern\XC3A1\ndez, Ren\XC3A9\",LAB131041,718-7,,143,g/dL,2026-03-11 10:53
2026-03-11,RVW,119813048,V18896846,"Fern\XC3A1\ndez, Ren\XC3A9\",LAB131041,8310-5,,365,Cel,2026-03-11 10:53
2026-03-11,RVW,207868,V71349835,"Sch\XC3A4\fer, Ren\XC3A9\",LAB131065,2345-7,,258,mg/dL,2026-03-11 22:58
2026-03-11,RVW,297005,V51372344,"Lindqvist, Liam",LAB131034,6690-2,,168,10*3/uL,2026-03-11 08:37
2026-03-11,RVW,328086015,V63238037,"Smith, Elena",LAB131044,2345-7,,112,mg/dL,2026-03-11 17:48
2026-03-11,RVW,328086015,V63238037,"Smith, Elena",LAB131044,2951-2,,146,mmol/L,2026-03-11 18:03
2026-03-11,RVW,371134301,V61929797,"Fern\XC3A1\ndez, Zo\XC3AB\",LAB131053,8310-5,,394,Cel,2026-03-11 19:52
2026-03-11,RVW,520637838,V91654802,"Sch\XC3A4\fer, Owen",LAB131029,2160-0,,20,mg/dL,2026-03-11 08:52
2026-03-11,RVW,520637838,V91654802,"Sch\XC3A4\fer, Owen",LAB131029,2345-7,,280,mg/dL,2026-03-11 08:39
2026-03-11,RVW,520637838,V91654802,"Sch\XC3A4\fer, Owen",LAB131029,2823-3,,60,mmol/L,2026-03-11 08:39
2026-03-11,RVW,520637838,V91654802,"Sch\XC3A4\fer, Owen",LAB131029,8310-5,,400,Cel,2026-03-11 08:39
2026-03-11,RVW,533000507,V78694911,"Garcia, Zo\XC3AB\",LAB131035,2345-7,,128,mg/dL,2026-03-11 11:13
2026-03-11,RVW,541353735,V97978551,"Kowalski, Mei",LAB131040,2160-0,,42,mg/dL,2026-03-11 13:02
2026-03-11,RVW,541353735,V97978551,"Kowalski, Mei",LAB131040,2823-3,,49,mmol/L,2026-03-11 13:16
2026-03-11,RVW,623585,V81670174,"Nguyen, Zo\XC3AB\",LAB131051,718-7,,101,g/dL,2026-03-11 18:52
2026-03-11,RVW,623585,V81670174,"Nguyen, Zo\XC3AB\",LAB131051,8310-5,,359,Cel,2026-03-11 18:34
2026-03-11,RVW,670944,V13785597,"Nguyen, Elena",LAB131028,2160-0,,9,mg/dL,2026-03-11 07:18
2026-03-11,RVW,670944,V13785597,"Nguyen, Elena",LAB131028,2951-2,,130,mmol/L,2026-03-11 07:29
2026-03-11,RVW,670944,V13785597,"Nguyen, Elena",LAB131028,8310-5,,357,Cel,2026-03-11 07:18
2026-03-11,RVW,723284273,V67617044,"Fern\XC3A1\ndez, Ren\XC3A9\",LAB131019,2345-7,,168,mg/dL,2026-03-11 05:14
2026-03-11,RVW,723284273,V67617044,"Fern\XC3A1\ndez, Ren\XC3A9\",LAB131019,6690-2,,209,10*3/uL,2026-03-11 04:52
2026-03-11,RVW,797798,V94981563,"Haddad, Grace",LAB131021,2823-3,,46,mmol/L,2026-03-11 03:54
2026-03-11,RVW,860647,V97978551,"Kowalski, Mei",LAB131017,8310-5,,371,Cel,2026-03-11 02:48
2026-03-11,RVW,881204331,V61409523,"Dubois, S\XC3B8\ren",LAB131037,2345-7,,93,mg/dL,2026-03-11 11:18
2026-03-11,RVW,881204331,V61409523,"Dubois, S\XC3B8\ren",LAB131037,2823-3,,34,mmol/L,2026-03-11 11:01
2026-03-11,RVW,881204331,V61409523,"Dubois, S\XC3B8\ren",LAB131037,8310-5,,359,Cel,2026-03-11 11:08
2026-03-11,RVW,881204331,V61409523,"Dubois, S\XC3B8\ren",LAB131054,2345-7,,243,mg/dL,2026-03-11 21:34
2026-03-11,RVW,881204331,V61409523,"Dubois, S\XC3B8\ren",LAB131054,2823-3,,45,mmol/L,2026-03-11 21:55
2026-03-11,RVW,905206,V13039651,"Dubois, Jos\XC3A9\",LAB131024,2345-7,,127,mg/dL,2026-03-11 08:16
2026-03-11,RVW,937652,V25136141,"Okafor, Liam",LAB131012,2345-7,,215,mg/dL,2026-03-11 04:47
2026-03-11,SLH,149093757,V42850097,"Dubois, Fatima",LAB131022,2345-7,,305,mg/dL,2026-03-11 04:19
2026-03-11,SLH,149093757,V42850097,"Dubois, Fatima",LAB131022,2823-3,,43,mmol/L,2026-03-11 03:52
2026-03-11,SLH,149093757,V42850097,"Dubois, Fatima",LAB131022,6690-2,,182,10*3/uL,2026-03-11 04:08
2026-03-11,SLH,149093757,V42850097,"Dubois, Fatima",LAB131022,8310-5,,375,Cel,2026-03-11 03:52
2026-03-11,SLH,209866,V87770626,"Sch\XC3A4\fer, Fatima",LAB131032,2345-7,,129,mg/dL,2026-03-11 07:51
2026-03-11,SLH,209866,V87770626,"Sch\XC3A4\fer, Fatima",LAB131032,2951-2,,126,mmol/L,2026-03-11 07:55
2026-03-11,SLH,209866,V87770626,"Sch\XC3A4\fer, Fatima",LAB131032,6690-2,,83,10*3/uL,2026-03-11 07:51
2026-03-11,SLH,314796,V47800503,"Chen, Tom\XC3A1\s",LAB131038,2345-7,,169,mg/dL,2026-03-11 12:25
2026-03-11,SLH,427617,V33066823,"Patel, Fatima",LAB131046,2160-0,,41,mg/dL,2026-03-11 17:14
2026-03-11,SLH,427617,V33066823,"Patel, Fatima",LAB131046,2951-2,,136,mmol/L,2026-03-11 17:14
2026-03-11,SLH,545724060,V39402014,"Baker, S\XC3B8\ren",LAB131061,2823-3,,40,mmol/L,2026-03-11 22:21
2026-03-11,SLH,545724060,V39402014,"Baker, S\XC3B8\ren",LAB131061,2951-2,,136,mmol/L,2026-03-11 22:21
2026-03-11,SLH,545724060,V39402014,"Baker, S\XC3B8\ren",LAB131061,8310-5,,398,Cel,2026-03-11 22:23
2026-03-11,SLH,555031868,V23805072,"Smith, Liam",LAB131018,2951-2,,128,mmol/L,2026-03-11 03:50
2026-03-11,SLH,555031868,V23805072,"Smith, Liam",LAB131018,6690-2,,22,10*3/uL,2026-03-11 03:28
2026-03-11,SLH,555031868,V23805072,"Smith, Liam",LAB131018,8310-5,,393,Cel,2026-03-11 03:28
2026-03-11,SLH,562804885,V78299355,"Fern\XC3A1\ndez, Fatima",LAB131060,2160-0,,6,mg/dL,2026-03-11 21:00
2026-03-11,SLH,562804885,V78299355,"Fern\XC3A1\ndez, Fatima",LAB131060,2823-3,,31,mmol/L,2026-03-11 21:13
2026-03-11,SLH,562804885,V78299355,"Fern\XC3A1\ndez, Fatima",LAB131060,2951-2,,133,mmol/L,2026-03-11 21:11
2026-03-11,SLH,688745775,V63966311,"Chen, Yusuf",LAB131039,2345-7,,273,mg/dL,2026-03-11 10:21
2026-03-11,SLH,688745775,V63966311,"Chen, Yusuf",LAB131039,2823-3,,52,mmol/L,2026-03-11 10:20
2026-03-11,SLH,698789,V25691388,"Chen, Ren\XC3A9\",LAB131027,2823-3,,52,mmol/L,2026-03-11 06:33
2026-03-11,SLH,698789,V25691388,"Chen, Ren\XC3A9\",LAB131027,2951-2,,131,mmol/L,2026-03-11 06:24
2026-03-11,SLH,698789,V25691388,"Chen, Ren\XC3A9\",LAB131027,6690-2,,86,10*3/uL,2026-03-11 06:12
2026-03-11,SLH,698789,V25691388,"Chen, Ren\XC3A9\",LAB131050,2345-7,,69,mg/dL,2026-03-11 19:09
2026-03-11,SLH,698789,V25691388,"Chen, Ren\XC3A9\",LAB131050,2951-2,,142,mmol/L,2026-03-11 19:09
2026-03-11,SLH,717117,V66674971,"Fern\XC3A1\ndez, Priya",LAB131047,2160-0,,14,mg/dL,2026-03-11 14:56
2026-03-11,SLH,772713,V23377903,"Smith, Elena",LAB131064,2345-7,,282,mg/dL,2026-03-11 21:45
2026-03-11,SLH,772713,V23377903,"Smith, Elena",LAB131064,6690-2,,171,10*3/uL,2026-03-11 21:37
2026-03-11,SLH,795481,V32577981,"Baker, Owen",LAB131048,2951-2,,141,mmol/L,2026-03-11 16:19
2026-03-11,SLH,795481,V32577981,"Baker, Owen",LAB131048,6690-2,,206,10*3/uL,2026-03-11 16:13
2026-03-11,SLH,857911,V36088959,"O\X27\Brien, Ren\XC3A9\",LAB131045,2345-7,,163,mg/dL,2026-03-11 16:54
2026-03-11,SLH,857911,V36088959,"O\X27\Brien, Ren\XC3A9\",LAB131045,2823-3,,57,mmol/L,2026-03-11 16:54
2026-03-11,SLH,857911,V36088959,"O\X27\Brien, Ren\XC3A9\",LAB131045,2951-2,,142,mmol/L,2026-03-11 17:04
2026-03-11,SLH,865615,V28800662,"Sch\XC3A4\fer, Yusuf",LAB131033,2160-0,,23,mg/dL,2026-03-11 08:24
2026-03-12,MERCY,135922,V99380491,"O\X27\Brien, Liam",LAB131071,2160-0,,32,mg/dL,2026-03-12 00:35
2026-03-12,MERCY,135922,V99380491,"O\X27\Brien, Liam",LAB131071,2345-7,,136,mg/dL,2026-03-12 00:25
2026-03-12,MERCY,135922,V99380491,"O\X27\Brien, Liam",LAB131071,6690-2,,104,10*3/uL,2026-03-12 00:31
2026-03-12,MERCY,156431134,V97283984,"Lindqvist, Yusuf",LAB131098,2345-7,,279,mg/dL,2026-03-12 14:57
2026-03-12,MERCY,156431134,V97283984,"Lindqvist, Yusuf",LAB131098,2951-2,,142,mmol/L,2026-03-12 14:57
2026-03-12,MERCY,167638,V74445750,"Haddad, Jos\XC3A9\",LAB131086,2345-7,,110,mg/dL,2026-03-12 11:23
2026-03-12,MERCY,196178,V79292635,"Ivanova, Fatima",LAB131073,2345-7,,146,mg/dL,2026-03-12 01:36
2026-03-12,MERCY,196178,V79292635,"Ivanova, Fatima",LAB131073,2823-3,,28,mmol/L,2026-03-12 01:29
2026-03-12,MERCY,196178,V79292635,"Ivanova, Fatima",LAB131073,2951-2,,140,mmol/L,2026-03-12 01:41
2026-03-12,MERCY,196178,V79292635,"Ivanova, Fatima",LAB131073,8310-5,,392,Cel,2026-03-12 01:29
2026-03-12,MERCY,196178,V79292635,"Ivanova, Fatima",LAB131097,2823-3,,41,mmol/L,2026-03-12 15:53
2026-03-12,MERCY,196178,V79292635,"Ivanova, Fatima",LAB131097,6690-2,,131,10*3/uL,2026-03-12 15:46
2026-03-12,MERCY,196178,V79292635,"Ivanova, Fatima",LAB131097,8310-5,,363,Cel,2026-03-12 15:46
2026-03-12,MERCY,206472,V78061374,"Dubois, Mei",LAB131070,2160-0,,17,mg/dL,2026-03-12 00:20
2026-03-12,MERCY,206472,V78061374,"Dubois, Mei",LAB131070,6690-2,,42,10*3/uL,2026-03-12 00:14
2026-03-12,MERCY,211776322,V48601444,"Kowalski, Chlo\XC3A9\",LAB131088,2345-7,,87,mg/dL,2026-03-12 14:29
2026-03-12,MERCY,219865,V21592097,"O\X27\Brien, Jos\XC3A9\",LAB131077,6690-2,,95,10*3/uL,2026-03-12 05:44
2026-03-12,MERCY,305505,V20230525,"Patel, Ingrid",LAB131089,2345-7,,237,mg/dL,2026-03-12 10:29
2026-03-12,MERCY,305505,V20230525,"Patel, Ingrid",LAB131089,2951-2,,131,mmol/L,2026-03-12 10:52
2026-03-12,MERCY,305505,V20230525,"Patel, Ingrid",LAB131089,718-7,,134,g/dL,2026-03-12 10:44
2026-03-12,MERCY,333924677,V19951251,"M\XC3BC\ller, Kwame",LAB131105,2160-0,,31,mg/dL,2026-03-12 14:24
2026-03-12,MERCY,333924677,V19951251,"M\XC3BC\ller, Kwame",LAB131105,2951-2,,146,mmol/L,2026-03-12 14:17
2026-03-12,MERCY,333924677,V19951251,"M\XC3BC\ller, Kwame",LAB131105,718-7,,124,g/dL,2026-03-12 14:19
2026-03-12,MERCY,345363,V27328564,"Smith, Grace",LAB131081,2345-7,,208,mg/dL,2026-03-12 09:07
2026-03-12,MERCY,410308,V40648139,"M\XC3BC\ller, Priya",LAB131094,718-7,,129,g/dL,2026-03-12 12:07
2026-03-12,MERCY,427355,V33775741,"Haddad, Ingrid",LAB131099,2345-7,,214,mg/dL,2026-03-12 17:22
2026-03-12,MERCY,698844,V70568527,"Nguyen, Ren\XC3A9\",LAB131124,2160-0,,33,mg/dL,2026-03-12 22:07
2026-03-12,MERCY,698844,V70568527,"Nguyen, Ren\XC3A9\",LAB131124,2345-7,,310,mg/dL,2026-03-12 22:07
2026-03-12,MERCY,763014,V59674931,"Okafor, Chlo\XC3A9\",LAB131083,2345-7,,233,mg/dL,2026-03-12 08:00
2026-03-12,MERCY,763014,V59674931,"Okafor, Chlo\XC3A9\",LAB131117,2823-3,,58,mmol/L,2026-03-12 20:36
2026-03-12,MERCY,763014,V59674931,"Okafor, Chlo\XC3A9\",LAB131117,2951-2,,140,mmol/L,2026-03-12 20:33
2026-03-12,MERCY,763014,V59674931,"Okafor, Chlo\XC3A9\",LAB131117,6690-2,,205,10*3/uL,2026-03-12 20:48
2026-03-12,MERCY,763014,V59674931,"Okafor, Chlo\XC3A9\",LAB131117,718-7,,128,g/dL,2026-03-12 21:01
2026-03-12,MERCY,790209578,V83679138,"Baker, Yusuf",LAB131085,2345-7,,195,mg/dL,2026-03-12 08:34
2026-03-12,MERCY,895320,V54819929,"Dubois, Yusuf",LAB131090,2345-7,,291,mg/dL,2026-03-12 09:23
2026-03-12,MERCY,895320,V54819929,"Dubois, Yusuf",LAB131090,2823-3,,32,mmol/L,2026-03-12 09:11
2026-03-12,MERCY,895320,V54819929,"Dubois, Yusuf",LAB131090,718-7,,82,g/dL,2026-03-12 09:11
2026-03-12,MERCY,985168,V60562070,"Sch\XC3A4\fer, Ana",LAB131116,2160-0,,34,mg/dL,2026-03-12 20:40
2026-03-12,MERCY,985168,V60562070,"Sch\XC3A4\fer, Ana",LAB131116,2345-7,,204,mg/dL,2026-03-12 20:30
2026-03-12,MERCY,985168,V60562070,"Sch\XC3A4\fer, Ana",LAB131116,2951-2,,136,mmol/L,2026-03-12 20:30
2026-03-12,MERCY,985168,V60562070,"Sch\XC3A4\fer, Ana",LAB131116,8310-5,,382,Cel,2026-03-12 20:40
2026-03-12,RVW,208131,V37091888,"Patel, Jos\XC3A9\",LAB131109,2345-7,,178,mg/dL,2026-03-12 18:14
2026-03-12,RVW,328086015,V94981563,"Smith, Elena",LAB131125,718-7,,146,g/dL,2026-03-12 23:54
2026-03-12,RVW,497863668,V31254375,"D\X27\Angelo, Zo\XC3AB\",LAB131119,2951-2,,147,mmol/L,2026-03-12 20:53
2026-03-12,RVW,497863668,V31254375,"D\X27\Angelo, Zo\XC3AB\",LAB131119,8310-5,,369,Cel,2026-03-12 20:53
2026-03-12,RVW,510943,V41629436,"Baker, Priya",LAB131095,2345-7,,284,mg/dL,2026-03-12 16:07
2026-03-12,RVW,510943,V41629436,"Baker, Priya",LAB131095,2823-3,,52,mmol/L,2026-03-12 15:48
2026-03-12,RVW,510943,V41629436,"Baker, Priya",LAB131095,718-7,,66,g/dL,2026-03-12 15:48
2026-03-12,RVW,532728,V97170631,"Patel, Ren\XC3A9\",LAB131068,2345-7,,111,mg/dL,2026-03-12 02:45
2026-03-12,RVW,560537240,V41629436,"Baker, Priya",LAB131110,2823-3,,56,mmol/L,2026-03-12 20:08
2026-03-12,RVW,560537240,V41629436,"Baker, Priya",LAB131110,2951-2,,144,mmol/L,2026-03-12 20:03
2026-03-12,RVW,560537240,V41629436,"Baker, Priya",LAB131110,6690-2,,95,10*3/uL,2026-03-12 20:03
2026-03-12,RVW,560537240,V41629436,"Baker, Priya",LAB131110,8310-5,,372,Cel,2026-03-12 20:21
2026-03-12,RVW,585198,V63199378,"Lindqvist, Chlo\XC3A9\",LAB131079,2823-3,,47,mmol/L,2026-03-12 05:51
2026-03-12,RVW,780487404,V69588881,"Kowalski, Noah",LAB131108,2823-3,,37,mmol/L,2026-03-12 19:23
2026-03-12,RVW,780487404,V69588881,"Kowalski, Noah",LAB131108,6690-2,,209,10*3/uL,2026-03-12 19:32
2026-03-12,RVW,846564,V68164493,"Baker, Priya",LAB131104,2160-0,,27,mg/dL,2026-03-12 18:28
2026-03-12,RVW,846564,V68164493,"Baker, Priya",LAB131104,2345-7,,123,mg/dL,2026-03-12 18:21
2026-03-12,RVW,846564,V68164493,"Baker, Priya",LAB131104,2823-3,,57,mmol/L,2026-03-12 18:21
2026-03-12,RVW,846564,V68164493,"Baker, Priya",LAB131104,6690-2,,49,10*3/uL,2026-03-12 18:21
2026-03-12,RVW,858324,V59166182,"Okafor, Yusuf",LAB131091,2345-7,,152,mg/dL,2026-03-12 14:16
2026-03-12,RVW,977714,V88632703,"M\XC3BC\ller, Yusuf",LAB131103,2951-2,,136,mmol/L,2026-03-12 16:10
2026-03-12,RVW,977714,V88632703,"M\XC3BC\ller, Yusuf",LAB131103,6690-2,,66,10*3/uL,2026-03-12 16:12
2026-03-12,RVW,977714,V88632703,"M\XC3BC\ller, Yusuf",LAB131103,718-7,,108,g/dL,2026-03-12 16:30
2026-03-12,RVW,977714,V88632703,"M\XC3BC\ller, Yusuf",LAB131103,8310-5,,364,Cel,2026-03-12 16:04
2026-03-12,SLH,247179847,V46136641,"M\XC3BC\ller, Ren\XC3A9\",LAB131122,2345-7,,136,mg/dL,2026-03-12 22:27
2026-03-12,SLH,247179847,V46136641,"M\XC3BC\ller, Ren\XC3A9\",LAB131122,718-7,,117,g/dL,2026-03-12 22:27
2026-03-12,SLH,273448004,V23377903,"Smith, Elena",LAB131123,2823-3,,49,mmol/L,2026-03-12 21:21
2026-03-12,SLH,273448004,V23377903,"Smith, Elena",LAB131123,2951-2,,127,mmol/L,2026-03-12 21:31
2026-03-12,SLH,273448004,V23377903,"Smith, Elena",LAB131123,718-7,,156,g/dL,2026-03-12 21:41
2026-03-12,SLH,286628556,V19284715,"Okafor, Fatima",LAB131076,2345-7,,143,mg/dL,2026-03-12 08:59
2026-03-12,SLH,315833716,V38277246,"Baker, Mei",LAB131118,2345-7,,251,mg/dL,2026-03-12 20:30
2026-03-12,SLH,315833716,V38277246,"Baker, Mei",LAB131118,2951-2,,127,mmol/L,2026-03-12 20:23
2026-03-12,SLH,315833716,V38277246,"Baker, Mei",LAB131118,6690-2,,49,10*3/uL,2026-03-12 20:23
2026-03-12,SLH,315833716,V38277246,"Baker, Mei",LAB131118,8310-5,,390,Cel,2026-03-12 20:23
2026-03-12,SLH,355744,V39402014,"Baker, S\XC3B8\ren",LAB131100,2160-0,,8,mg/dL,2026-03-12 17:15
2026-03-12,SLH,355744,V39402014,"Baker, S\XC3B8\ren",LAB131100,2823-3,,36,mmol/L,2026-03-12 17:15
2026-03-12,SLH,355744,V39402014,"Baker, S\XC3B8\ren",LAB131100,2951-2,,137,mmol/L,2026-03-12 17:15
2026-03-12,SLH,355744,V39402014,"Baker, S\XC3B8\ren",LAB131100,718-7,,78,g/dL,2026-03-12 17:35
2026-03-12,SLH,355744,V39402014,"Baker, S\XC3B8\ren",LAB131111,2160-0,,35,mg/dL,2026-03-12 19:34
2026-03-12,SLH,355744,V39402014,"Baker, S\XC3B8\ren",LAB131111,2951-2,,129,mmol/L,2026-03-12 19:21
2026-03-12,SLH,355744,V39402014,"Baker, S\XC3B8\ren",LAB131111,8310-5,,362,Cel,2026-03-12 19:31
2026-03-12,SLH,402691045,V75178077,"Nguyen, Ren\XC3A9\",LAB131096,2345-7,,195,mg/dL,2026-03-12 16:36
2026-03-12,SLH,444625403,V67854587,"Patel, Jos\XC3A9\",LAB131113,2345-7,,136,mg/dL,2026-03-12 22:23
2026-03-12,SLH,512418277,V69382279,"D\X27\Angelo, Liam",LAB131112,2160-0,,15,mg/dL,2026-03-12 19:12
2026-03-12,SLH,545724060,V39402014,"Baker, S\XC3B8\ren",LAB131074,2160-0,,10,mg/dL,2026-03-12 03:33
2026-03-12,SLH,545724060,V39402014,"Baker, S\XC3B8\ren",LAB131074,2951-2,,141,mmol/L,2026-03-12 03:48
2026-03-12,SLH,545724060,V39402014,"Baker, S\XC3B8\ren",LAB131074,6690-2,,124,10*3/uL,2026-03-12 03:44
2026-03-12,SLH,545724060,V39402014,"Baker, S\XC3B8\ren",LAB131074,8310-5,,379,Cel,2026-03-12 03:33
2026-03-12,SLH,558435,V64138092,"Ivanova, Jos\XC3A9\",LAB131080,2951-2,,126,mmol/L,2026-03-12 05:27
2026-03-12,SLH,604986534,V26054950,"O\X27\Brien, Ren\XC3A9\",LAB131130,2160-0,,27,mg/dL,2026-03-12 23:45
2026-03-12,SLH,604986534,V26054950,"O\X27\Brien, Ren\XC3A9\",LAB131130,2345-7,,111,mg/dL,2026-03-12 23:44
2026-03-12,SLH,604986534,V26054950,"O\X27\Brien, Ren\XC3A9\",LAB131130,718-7,,113,g/dL,2026-03-12 23:44
2026-03-12,SLH,629211,V25588867,"Nguyen, Priya",LAB131114,2345-7,,77,mg/dL,2026-03-12 22:40
2026-03-12,SLH,688745775,V63966311,"Chen, Yusuf",LAB131093,2160-0,,10,mg/dL,2026-03-12 12:53
2026-03-12,SLH,688745775,V63966311,"Chen, Yusuf",LAB131093,6690-2,,109,10*3/uL,2026-03-12 12:40
2026-03-12,SLH,688745775,V63966311,"Chen, Yusuf",LAB131093,718-7,,105,g/dL,2026-03-12 12:40
2026-03-12,SLH,688745775,V63966311,"Chen, Yusuf",LAB131093,8310-5,,371,Cel,2026-03-12 12:58
2026-03-12,SLH,851709,V42888332,"Fern\XC3A1\ndez, Zo\XC3AB\",LAB131082,2345-7,,211,mg/dL,2026-03-12 05:54
2026-03-12,SLH,851709,V42888332,"Fern\XC3A1\ndez, Zo\XC3AB\",LAB131082,2951-2,,125,mmol/L,2026-03-12 05:54
2026-03-12,SLH,851709,V42888332,"Fern\XC3A1\ndez, Zo\XC3AB\",LAB131082,718-7,,139,g/dL,2026-03-12 06:14
2026-03-12,SLH,898797,V20814682,"Kowalski, S\XC3B8\ren",LAB131092,2345-7,,205,mg/dL,2026-03-12 12:48
2026-03-12,SLH,898797,V20814682,"Kowalski, S\XC3B8\ren",LAB131092,718-7,,158,g/dL,2026-03-12 13:11
2026-03-12,SLH,898797,V20814682,"Kowalski, S\XC3B8\ren",LAB131092,8310-5,,396,Cel,2026-03-12 12:48
2026-03-13,MERCY,179176,V30903924,"M\XC3BC\ller, Elena",LAB131171,2345-7,,98,mg/dL,2026-03-13 15:20
2026-03-13,MERCY,179176,V30903924,"M\XC3BC\ller, Elena",LAB131171,2951-2,,142,mmol/L,2026-03-13 15:38
2026-03-13,MERCY,179176,V30903924,"M\XC3BC\ller, Elena",LAB131171,718-7,,138,g/dL,2026-03-13 15:33
2026-03-13,MERCY,179176,V30903924,"M\XC3BC\ller, Elena",LAB131171,8310-5,,376,Cel,2026-03-13 15:47
2026-03-13,MERCY,243654814,V93138563,"Ivanova, Ana",LAB131158,2345-7,,295,mg/dL,2026-03-13 09:30
2026-03-13,MERCY,243654814,V93138563,"Ivanova, Ana",LAB131158,2823-3,,55,mmol/L,2026-03-13 09:40
2026-03-13,MERCY,243654814,V93138563,"Ivanova, Ana",LAB131158,2951-2,,126,mmol/L,2026-03-13 09:48
2026-03-13,MERCY,244237250,V21151974,"Okafor, Mei",LAB131151,2345-7,,177,mg/dL,2026-03-13 09:23
2026-03-13,MERCY,313752,V41265858,"Garcia, Elena",LAB131142,2160-0,,23,mg/dL,2026-03-13 04:34
2026-03-13,MERCY,313752,V41265858,"Garcia, Elena",LAB131142,2951-2,,131,mmol/L,2026-03-13 05:03
2026-03-13,MERCY,313752,V41265858,"Garcia, Elena",LAB131142,8310-5,,362,Cel,2026-03-13 04:34
2026-03-13,MERCY,333924677,V19951251,"M\XC3BC\ller, Kwame",LAB131179,2345-7,,172,mg/dL,2026-03-13 18:32
2026-03-13,MERCY,341818351,V27012448,"Haddad, Tom\XC3A1\s",LAB131143,2345-7,,173,mg/dL,2026-03-13 05:34
2026-03-13,MERCY,465831584,V79918031,"Kowalski, Ren\XC3A9\",LAB131148,2345-7,,70,mg/dL,2026-03-13 10:10
2026-03-13,MERCY,541309,V39195537,"Baker, Ana",LAB131144,2823-3,,36,mmol/L,2026-03-13 03:50
2026-03-13,MERCY,541309,V39195537,"Baker, Ana",LAB131144,2951-2,,130,mmol/L,2026-03-13 03:44
2026-03-13,MERCY,541309,V39195537,"Baker, Ana",LAB131144,6690-2,,178,10*3/uL,2026-03-13 03:44
2026-03-13,MERCY,541309,V39195537,"Baker, Ana",LAB131144,718-7,,64,g/dL,2026-03-13 03:44
2026-03-13,MERCY,698844,V70568527,"Nguyen, Ren\XC3A9\",LAB131153,2160-0,,34,mg/dL,2026-03-13 10:42
2026-03-13,MERCY,698844,V70568527,"Nguyen, Ren\XC3A9\",LAB131153,6690-2,,157,10*3/uL,2026-03-13 10:30
2026-03-13,MERCY,698844,V70568527,"Nguyen, Ren\XC3A9\",LAB131153,718-7,,71,g/dL,2026-03-13 10:43
2026-03-13,MERCY,698844,V70568527,"Nguyen, Ren\XC3A9\",LAB131153,8310-5,,377,Cel,2026-03-13 10:45
2026-03-13,MERCY,763014,V59674931,"Okafor, Chlo\XC3A9\",LAB131149,2160-0,,38,mg/dL,2026-03-13 04:57
2026-03-13,MERCY,763014,V59674931,"Okafor, Chlo\XC3A9\",LAB131149,718-7,,132,g/dL,2026-03-13 04:57
2026-03-13,MERCY,812584840,V21592097,"O\X27\Brien, Jos\XC3A9\",LAB131174,6690-2,,81,10*3/uL,2026-03-13 14:37
2026-03-13,MERCY,812584840,V21592097,"O\X27\Brien, Jos\XC3A9\",LAB131174,8310-5,,355,Cel,2026-03-13 14:20
2026-03-13,MERCY,819114134,V48453759,"Fern\XC3A1\ndez, Liam",LAB131170,2160-0,,15,mg/dL,2026-03-13 13:46
2026-03-13,MERCY,819114134,V48453759,"Fern\XC3A1\ndez, Liam",LAB131170,2345-7,,263,mg/dL,2026-03-13 13:51
2026-03-13,MERCY,819114134,V48453759,"Fern\XC3A1\ndez, Liam",LAB131170,2823-3,,37,mmol/L,2026-03-13 14:15
2026-03-13,MERCY,819114134,V48453759,"Fern\XC3A1\ndez, Liam",LAB131170,8310-5,,372,Cel,2026-03-13 13:46
2026-03-13,MERCY,925237,V99341218,"Ivanova, Grace",LAB131159,2345-7,,166,mg/dL,2026-03-13 14:00
2026-03-13,RVW,100246,V28197901,"Patel, Ren\XC3A9\",LAB131154,2345-7,,284,mg/dL,2026-03-13 11:16
2026-03-13,RVW,100246,V28197901,"Patel, Ren\XC3A9\",LAB131154,2951-2,,137,mmol/L,2026-03-13 11:12
2026-03-13,RVW,136322,V13681527,"Lindqvist, Fatima",LAB131192,2823-3,,31,mmol/L,2026-03-13 23:47
2026-03-13,RVW,136322,V13681527,"Lindqvist, Fatima",LAB131192,6690-2,,154,10*3/uL,2026-03-13 23:43
2026-03-13,RVW,194756,V63017614,"Garcia, Zo\XC3AB\",LAB131132,2160-0,,39,mg/dL,2026-03-13 03:12
2026-03-13,RVW,194756,V63017614,"Garcia, Zo\XC3AB\",LAB131132,2823-3,,42,mmol/L,2026-03-13 03:12
2026-03-13,RVW,194756,V63017614,"Garcia, Zo\XC3AB\",LAB131132,2951-2,,137,mmol/L,2026-03-13 03:12
2026-03-13,RVW,194756,V63017614,"Garcia, Zo\XC3AB\",LAB131132,6690-2,,98,10*3/uL,2026-03-13 03:26
2026-03-13,RVW,194756,V63017614,"Garcia, Zo\XC3AB\",LAB131141,2823-3,,59,mmol/L,2026-03-13 06:27
2026-03-13,RVW,194756,V63017614,"Garcia, Zo\XC3AB\",LAB131141,2951-2,,139,mmol/L,2026-03-13 06:27
2026-03-13,RVW,194756,V63017614,"Garcia, Zo\XC3AB\",LAB131141,6690-2,,94,10*3/uL,2026-03-13 06:33
2026-03-13,RVW,194756,V63017614,"Garcia, Zo\XC3AB\",LAB131141,8310-5,,360,Cel,2026-03-13 06:27
2026-03-13,RVW,194756,V78694911,"Garcia, Zo\XC3AB\",LAB131140,2951-2,,144,mmol/L,2026-03-13 05:04
2026-03-13,RVW,194756,V78694911,"Garcia, Zo\XC3AB\",LAB131140,6690-2,,45,10*3/uL,2026-03-13 05:04
2026-03-13,RVW,194756,V78694911,"Garcia, Zo\XC3AB\",LAB131140,718-7,,85,g/dL,2026-03-13 05:04
2026-03-13,RVW,194756,V78694911,"Garcia, Zo\XC3AB\",LAB131140,8310-5,,386,Cel,2026-03-13 05:29
2026-03-13,RVW,216700222,V73916389,"Patel, Liam",LAB131152,2345-7,,206,mg/dL,2026-03-13 13:16
2026-03-13,RVW,252358,V42466379,"Garcia, Noah",LAB131176,718-7,,169,g/dL,2026-03-13 17:21
2026-03-13,RVW,295961251,V86454033,"Patel, Chlo\XC3A9\",LAB131175,2345-7,,66,mg/dL,2026-03-13 17:48
2026-03-13,RVW,295961251,V86454033,"Patel, Chlo\XC3A9\",LAB131175,718-7,,113,g/dL,2026-03-13 17:38
2026-03-13,RVW,295961251,V86454033,"Patel, Chlo\XC3A9\",LAB131175,8310-5,,399,Cel,2026-03-13 17:38
2026-03-13,RVW,305779,V87887229,"M\XC3BC\ller, Liam",LAB131169,2823-3,,56,mmol/L,2026-03-13 13:42
2026-03-13,RVW,305779,V87887229,"M\XC3BC\ller, Liam",LAB131169,6690-2,,197,10*3/uL,2026-03-13 13:47
2026-03-13,RVW,305779,V87887229,"M\XC3BC\ller, Liam",LAB131169,718-7,,173,g/dL,2026-03-13 13:30
2026-03-13,RVW,408859,V18896846,"Fern\XC3A1\ndez, Ren\XC3A9\",LAB131178,2160-0,,7,mg/dL,2026-03-13 19:40
2026-03-13,RVW,408859,V18896846,"Fern\XC3A1\ndez, Ren\XC3A9\",LAB131178,2823-3,,42,mmol/L,2026-03-13 19:46
2026-03-13,RVW,408859,V18896846,"Fern\XC3A1\ndez, Ren\XC3A9\",LAB131178,718-7,,137,g/dL,2026-03-13 19:36
2026-03-13,RVW,609189049,V65807668,"Sch\XC3A4\fer, Owen",LAB131155,2345-7,,190,mg/dL,2026-03-13 12:05
2026-03-13,RVW,713942,V29230797,"Sch\XC3A4\fer, Tom\XC3A1\s",LAB131182,2160-0,,4,mg/dL,2026-03-13 21:02
2026-03-13,RVW,713942,V29230797,"Sch\XC3A4\fer, Tom\XC3A1\s",LAB131182,2345-7,,182,mg/dL,2026-03-13 21:03
2026-03-13,RVW,713942,V29230797,"Sch\XC3A4\fer, Tom\XC3A1\s",LAB131182,2823-3,,40,mmol/L,2026-03-13 21:02
2026-03-13,RVW,793059,V65807668,"Sch\XC3A4\fer, Owen",LAB131120,2345-7,,128,mg/dL,2026-03-13 01:50
2026-03-13,RVW,793059,V65807668,"Sch\XC3A4\fer, Owen",LAB131139,2345-7,,102,mg/dL,2026-03-13 05:00
2026-03-13,SLH,113953,V86154656,"Garcia, Tom\XC3A1\s",LAB131156,2345-7,,117,mg/dL,2026-03-13 11:46
2026-03-13,SLH,235657,V71655326,"M\XC3BC\ller, Fatima",LAB131145,718-7,,140,g/dL,2026-03-13 04:45
2026-03-13,SLH,355744,V39402014,"Baker, S\XC3B8\ren",LAB131173,2160-0,,11,mg/dL,2026-03-13 16:28
2026-03-13,SLH,355744,V39402014,"Baker, S\XC3B8\ren",LAB131173,2951-2,,147,mmol/L,2026-03-13 16:52
2026-03-13,SLH,361169,V76418695,"Okafor, Grace",LAB131135,2160-0,,22,mg/dL,2026-03-13 02:05
2026-03-13,SLH,361169,V76418695,"Okafor, Grace",LAB131135,2345-7,,235,mg/dL,2026-03-13 02:24
2026-03-13,SLH,361169,V76418695,"Okafor, Grace",LAB131135,6690-2,,87,10*3/uL,2026-03-13 02:25
2026-03-13,SLH,361169,V76418695,"Okafor, Grace",LAB131135,8310-5,,390,Cel,2026-03-13 02:05
2026-03-13,SLH,361169,V76418695,"Okafor, Grace",LAB131186,2951-2,,128,mmol/L,2026-03-13 20:16
2026-03-13,SLH,385339,V69759199,"Garcia, Elena",LAB131172,2160-0,,7,mg/dL,2026-03-13 16:48
2026-03-13,SLH,385339,V69759199,"Garcia, Elena",LAB131172,2951-2,,149,mmol/L,2026-03-13 16:38
2026-03-13,SLH,385339,V69759199,"Garcia, Elena",LAB131172,718-7,,130,g/dL,2026-03-13 16:54
2026-03-13,SLH,385339,V69759199,"Garcia, Elena",LAB131172,8310-5,,358,Cel,2026-03-13 16:38
2026-03-13,SLH,396328,V63592259,"M\XC3BC\ller, Ren\XC3A9\",LAB131131,2823-3,,37,mmol/L,2026-03-13 02:52
2026-03-13,SLH,396328,V63592259,"M\XC3BC\ller, Ren\XC3A9\",LAB131131,718-7,,171,g/dL,2026-03-13 02:52
2026-03-13,SLH,396328,V63592259,"M\XC3BC\ller, Ren\XC3A9\",LAB131131,8310-5,,389,Cel,2026-03-13 03:07
2026-03-13,SLH,422380220,V59889925,"Patel, Owen",LAB131161,2345-7,,194,mg/dL,2026-03-13 15:52
2026-03-13,SLH,427617,V33066823,"Patel, Fatima",LAB131157,2160-0,,21,mg/dL,2026-03-13 11:03
2026-03-13,SLH,427617,V33066823,"Patel, Fatima",LAB131157,2823-3,,60,mmol/L,2026-03-13 11:03
2026-03-13,SLH,427617,V33066823,"Patel, Fatima",LAB131157,6690-2,,34,10*3/uL,2026-03-13 11:15
2026-03-13,SLH,427617,V33066823,"Patel, Fatima",LAB131157,718-7,,154,g/dL,2026-03-13 11:17
2026-03-13,SLH,430826,V76865474,"Haddad, Mei",LAB131137,2823-3,,34,mmol/L,2026-03-13 04:42
2026-03-13,SLH,430826,V76865474,"Haddad, Mei",LAB131137,6690-2,,48,10*3/uL,2026-03-13 04:23
2026-03-13,SLH,435606073,V87770626,"Sch\XC3A4\fer, Fatima",LAB131134,8310-5,,398,Cel,2026-03-13 01:34
2026-03-13,SLH,435606073,V87770626,"Sch\XC3A4\fer, Fatima",LAB131136,2160-0,,14,mg/dL,2026-03-13 01:52
2026-03-13,SLH,435606073,V87770626,"Sch\XC3A4\fer, Fatima",LAB131136,2345-7,,179,mg/dL,2026-03-13 01:51
2026-03-13,SLH,435606073,V87770626,"Sch\XC3A4\fer, Fatima",LAB131136,2951-2,,135,mmol/L,2026-03-13 01:46
2026-03-13,SLH,435606073,V87770626,"Sch\XC3A4\fer, Fatima",LAB131136,6690-2,,56,10*3/uL,2026-03-13 01:37
2026-03-13,SLH,460650,V48630385,"Nguyen, Grace",LAB131128,2345-7,,193,mg/dL,2026-03-13 04:11
2026-03-13,SLH,604986534,V26054950,"O\X27\Brien, Ren\XC3A9\",LAB131130,6690-2,,116,10*3/uL,2026-03-13 00:01
2026-03-13,SLH,629211,V35574813,"Nguyen, Priya",LAB131163,718-7,,84,g/dL,2026-03-13 12:05
2026-03-13,SLH,655832649,V25588867,"Nguyen, Priya",LAB131129,2951-2,,149,mmol/L,2026-03-13 02:05
2026-03-13,SLH,655832649,V35574813,"Nguyen, Priya",LAB131147,2160-0,,32,mg/dL,2026-03-13 08:12
2026-03-13,SLH,655832649,V35574813,"Nguyen, Priya",LAB131147,2951-2,,126,mmol/L,2026-03-13 08:08
2026-03-13,SLH,655832649,V35574813,"Nguyen, Priya",LAB131147,6690-2,,109,10*3/uL,2026-03-13 08:08
2026-03-13,SLH,667880536,V76802318,"M\XC3BC\ller, Priya",LAB131165,2345-7,,157,mg/dL,2026-03-13 12:29
2026-03-13,SLH,667880536,V76802318,"M\XC3BC\ller, Priya",LAB131165,2951-2,,141,mmol/L,2026-03-13 12:27
2026-03-13,SLH,667880536,V76802318,"M\XC3BC\ller, Priya",LAB131165,8310-5,,371,Cel,2026-03-13 12:27
2026-03-13,SLH,751882761,V75392653,"Sch\XC3A4\fer, S\XC3B8\ren",LAB131127,2345-7,,208,mg/dL,2026-03-13 03:41
2026-03-13,SLH,772713,V23377903,"Smith, Elena",LAB131162,8310-5,,375,Cel,2026-03-13 14:13
2026-03-13,SLH,784919,V58161034,"Baker, Yusuf",LAB131138,2345-7,,142,mg/dL,2026-03-13 06:51
2026-03-13,SLH,786290,V66000597,"Baker, Yusuf",LAB131133,2345-7,,155,mg/dL,2026-03-13 02:38
2026-03-13,SLH,786290,V66000597,"Baker, Yusuf",LAB131133,2951-2,,129,mmol/L,2026-03-13 02:35
2026-03-13,SLH,786290,V66000597,"Baker, Yusuf",LAB131133,718-7,,129,g/dL,2026-03-13 02:35
2026-03-13,SLH,851709,V42888332,"Fern\XC3A1\ndez, Zo\XC3AB\",LAB131121,2345-7,,144,mg/dL,2026-03-13 01:22
2026-03-13,SLH,851709,V42888332,"Fern\XC3A1\ndez, Zo\XC3AB\",LAB131164,718-7,,171,g/dL,2026-03-13 14:30
2026-03-13,SLH,862616,V44620897,"Nguyen, Ana",LAB131180,718-7,,85,g/dL,2026-03-13 21:28
2026-03-13,SLH,865615,V28800662,"Sch\XC3A4\fer, Yusuf",LAB131183,2160-0,,40,mg/dL,2026-03-13 21:11
2026-03-13,SLH,926933,V38277246,"Baker, Mei",LAB131160,2823-3,,50,mmol/L,2026-03-13 12:18
2026-03-13,SLH,926933,V38277246,"Baker, Mei",LAB131160,6690-2,,53,10*3/uL,2026-03-13 12:18
2026-03-13,SLH,926933,V38277246,"Baker, Mei",LAB131160,718-7,,123,g/dL,2026-03-13 12:18
2026-03-14,RVW,110690,V84490048,"O\X27\Brien, S\XC3B8\ren",LAB131221,6690-2,,115,10*3/uL,2026-03-14 10:27
2026-03-14,RVW,186451855,V74279320,"Fern\XC3A1\ndez, Mei",LAB131251,2345-7,,141,mg/dL,2026-03-14 22:45
2026-03-14,RVW,186451855,V74279320,"Fern\XC3A1\ndez, Mei",LAB131251,8310-5,,369,Cel,2026-03-14 22:53
2026-03-14,RVW,194756,V63017614,"Garcia, Zo\XC3AB\",LAB131220,2823-3,,35,mmol/L,2026-03-14 09:45
2026-03-14,RVW,194756,V63017614,"Garcia, Zo\XC3AB\",LAB131220,718-7,,64,g/dL,2026-03-14 09:45
2026-03-14,RVW,194756,V63017614,"Garcia, Zo\XC3AB\",LAB131220,8310-5,,384,Cel,2026-03-14 09:48
2026-03-14,RVW,219595,V95225032,"D\X27\Angelo, Liam",LAB131225,2345-7,,74,mg/dL,2026-03-14 15:09
2026-03-14,RVW,328086015,V63238037,"Smith, Elena",LAB131229,718-7,,63,g/dL,2026-03-14 16:35
2026-03-14,RVW,328086015,V94981563,"Smith, Elena",LAB131218,2345-7,,199,mg/dL,2026-03-14 12:43
2026-03-14,RVW,328086015,V94981563,"Smith, Elena",LAB131218,2823-3,,47,mmol/L,2026-03-14 12:24
2026-03-14,RVW,328086015,V94981563,"Smith, Elena",LAB131218,6690-2,,138,10*3/uL,2026-03-14 12:46
2026-03-14,RVW,366221124,V67933928,"Patel, Priya",LAB131193,2823-3,,32,mmol/L,2026-03-14 00:27
2026-03-14,RVW,366221124,V67933928,"Patel, Priya",LAB131193,8310-5,,361,Cel,2026-03-14 00:51
2026-03-14,RVW,376988,V34912181,"Ryan, Chlo\XC3A9\",LAB131238,2345-7,,102,mg/dL,2026-03-14 19:49
2026-03-14,RVW,376988,V34912181,"Ryan, Chlo\XC3A9\",LAB131238,6690-2,,211,10*3/uL,2026-03-14 19:44
2026-03-14,RVW,376988,V34912181,"Ryan, Chlo\XC3A9\",LAB131238,8310-5,,363,Cel,2026-03-14 19:32
2026-03-14,RVW,467900,V73286635,"Haddad, Grace",LAB131249,2160-0,,12,mg/dL,2026-03-14 20:17
2026-03-14,RVW,467900,V73286635,"Haddad, Grace",LAB131249,6690-2,,139,10*3/uL,2026-03-14 20:32
2026-03-14,RVW,467900,V73286635,"Haddad, Grace",LAB131249,718-7,,81,g/dL,2026-03-14 20:17
2026-03-14,RVW,467900,V73286635,"Haddad, Grace",LAB131249,8310-5,,393,Cel,2026-03-14 20:17
2026-03-14,RVW,486508868,V44091449,"Sch\XC3A4\fer, Mei",LAB131245,2160-0,,39,mg/dL,2026-03-14 18:55
2026-03-14,RVW,486508868,V44091449,"Sch\XC3A4\fer, Mei",LAB131245,2345-7,,126,mg/dL,2026-03-14 18:55
2026-03-14,RVW,486508868,V44091449,"Sch\XC3A4\fer, Mei",LAB131245,2823-3,,52,mmol/L,2026-03-14 18:55
2026-03-14,RVW,486508868,V44091449,"Sch\XC3A4\fer, Mei",LAB131245,6690-2,,58,10*3/uL,2026-03-14 19:20
2026-03-14,RVW,530459228,V35623662,"M\XC3BC\ller, S\XC3B8\ren",LAB131219,2345-7,,209,mg/dL,2026-03-14 11:55
2026-03-14,RVW,596650,V28231377,"Ivanova, Jos\XC3A9\",LAB131190,2951-2,,149,mmol/L,2026-03-14 01:27
2026-03-14,RVW,596650,V28231377,"Ivanova, Jos\XC3A9\",LAB131190,6690-2,,105,10*3/uL,2026-03-14 01:38
2026-03-14,RVW,596650,V28231377,"Ivanova, Jos\XC3A9\",LAB131190,718-7,,172,g/dL,2026-03-14 01:32
2026-03-14,RVW,596650,V28231377,"Ivanova, Jos\XC3A9\",LAB131190,8310-5,,373,Cel,2026-03-14 01:27
2026-03-14,RVW,608883,V75552179,"Ivanova, Liam",LAB131194,6690-2,,70,10*3/uL,2026-03-14 03:14
2026-03-14,RVW,608883,V75552179,"Ivanova, Liam",LAB131194,718-7,,143,g/dL,2026-03-14 03:14
2026-03-14,RVW,670944,V13785597,"Nguyen, Elena",LAB131250,2345-7,,277,mg/dL,2026-03-14 23:50
2026-03-14,RVW,670944,V13785597,"Nguyen, Elena",LAB131250,8310-5,,361,Cel,2026-03-14 23:50
2026-03-14,RVW,718615,V42089765,"Ivanova, Owen",LAB131230,2160-0,,16,mg/dL,2026-03-14 14:51
2026-03-14,RVW,718615,V42089765,"Ivanova, Owen",LAB131230,2951-2,,133,mmol/L,2026-03-14 14:51
2026-03-14,RVW,718615,V42089765,"Ivanova, Owen",LAB131230,8310-5,,382,Cel,2026-03-14 14:57
2026-03-14,RVW,779776336,V38246179,"Haddad, Owen",LAB131208,718-7,,69,g/dL,2026-03-14 09:26
2026-03-14,RVW,779776336,V38246179,"Haddad, Owen",LAB131208,8310-5,,385,Cel,2026-03-14 09:40
2026-03-14,RVW,846564,V68164493,"Baker, Priya",LAB131237,2160-0,,13,mg/dL,2026-03-14 16:38
2026-03-14,RVW,846564,V68164493,"Baker, Priya",LAB131237,6690-2,,158,10*3/uL,2026-03-14 17:06
2026-03-14,RVW,846564,V68164493,"Baker, Priya",LAB131237,718-7,,61,g/dL,2026-03-14 16:52
2026-03-14,SLH,376189,V96901664,"Chen, Priya",LAB131200,2160-0,,13,mg/dL,2026-03-14 05:07
2026-03-14,SLH,376189,V96901664,"Chen, Priya",LAB131200,6690-2,,183,10*3/uL,2026-03-14 04:51
2026-03-14,SLH,376189,V96901664,"Chen, Priya",LAB131200,718-7,,106,g/dL,2026-03-14 04:53
2026-03-14,SLH,393561,V16280358,"Fern\XC3A1\ndez, Chlo\XC3A9\",LAB131199,6690-2,,115,10*3/uL,2026-03-14 05:32
2026-03-14,SLH,393561,V16280358,"Fern\XC3A1\ndez, Chlo\XC3A9\",LAB131199,718-7,,104,g/dL,2026-03-14 05:23
2026-03-14,SLH,466729457,V86941911,"Chen, Elena",LAB131196,2160-0,,43,mg/dL,2026-03-14 01:24
2026-03-14,SLH,466729457,V86941911,"Chen, Elena",LAB131196,2345-7,,101,mg/dL,2026-03-14 01:31
2026-03-14,SLH,466729457,V86941911,"Chen, Elena",LAB131196,2823-3,,48,mmol/L,2026-03-14 01:24
2026-03-14,SLH,889255,V59484779,"Nguyen, Mei",LAB131197,2160-0,,17,mg/dL,2026-03-14 01:32
2026-03-14,SLH,889255,V59484779,"Nguyen, Mei",LAB131197,2345-7,,155,mg/dL,2026-03-14 01:32
2026-03-14,SLH,889255,V59484779,"Nguyen, Mei",LAB131197,6690-2,,175,10*3/uL,2026-03-14 01:56
2026-03-14,SLH,889255,V59484779,"Nguyen, Mei",LAB131197,718-7,,145,g/dL,2026-03-14 02:02
2026-03-14,SLH,982753,V69382279,"D\X27\Angelo, Liam",LAB131198,6690-2,,68,10*3/uL,2026-03-14 03:33
2026-03-14,SLH,982753,V69382279,"D\X27\Angelo, Liam",LAB131198,8310-5,,391,Cel,2026-03-14 03:55
2026-03-15,RVW,110690,V84490048,"O\X27\Brien, S\XC3B8\ren",LAB131254,2160-0,,45,mg/dL,2026-03-15 01:33
2026-03-15,RVW,110690,V84490048,"O\X27\Brien, S\XC3B8\ren",LAB131254,718-7,,147,g/dL,2026-03-15 01:39
2026-03-15,RVW,119813048,V18896846,"Fern\XC3A1\ndez, Ren\XC3A9\",LAB131273,2345-7,,198,mg/dL,2026-03-15 14:56
2026-03-15,RVW,243355,V33959470,"Ryan, Chlo\XC3A9\",LAB131286,2345-7,,62,mg/dL,2026-03-15 16:50
2026-03-15,RVW,243355,V33959470,"Ryan, Chlo\XC3A9\",LAB131286,6690-2,,24,10*3/uL,2026-03-15 16:25
2026-03-15,RVW,352085,V74630437,"Fern\XC3A1\ndez, Mei",LAB131274,6690-2,,167,10*3/uL,2026-03-15 12:30
2026-03-15,RVW,423682089,V50702240,"Sch\XC3A4\fer, Jos\XC3A9\",LAB131288,2345-7,,253,mg/dL,2026-03-15 16:05
2026-03-15,RVW,556744520,V38476827,"Garcia, Priya",LAB131270,2345-7,,137,mg/dL,2026-03-15 11:07
2026-03-15,RVW,596441,V61405021,"O\X27\Brien, Jos\XC3A9\",LAB131271,2345-7,,187,mg/dL,2026-03-15 11:10
2026-03-15,RVW,596441,V61405021,"O\X27\Brien, Jos\XC3A9\",LAB131271,2823-3,,55,mmol/L,2026-03-15 11:15
2026-03-15,RVW,596441,V61405021,"O\X27\Brien, Jos\XC3A9\",LAB131271,718-7,,137,g/dL,2026-03-15 11:10
2026-03-15,RVW,596441,V61405021,"O\X27\Brien, Jos\XC3A9\",LAB131271,8310-5,,377,Cel,2026-03-15 11:10
2026-03-15,RVW,689104123,V19540409,"Smith, Grace",LAB131256,2345-7,,174,mg/dL,2026-03-15 02:33
2026-03-15,RVW,747381828,V28197901,"Patel, Ren\XC3A9\",LAB131281,2345-7,,183,mg/dL,2026-03-15 14:40
2026-03-15,RVW,747381828,V28197901,"Patel, Ren\XC3A9\",LAB131281,2951-2,,145,mmol/L,2026-03-15 14:40
2026-03-15,RVW,747381828,V28197901,"Patel, Ren\XC3A9\",LAB131281,718-7,,170,g/dL,2026-03-15 14:48
2026-03-15,RVW,765185,V86454033,"Patel, Chlo\XC3A9\",LAB131269,2160-0,,35,mg/dL,2026-03-15 10:02
2026-03-15,RVW,765185,V86454033,"Patel, Chlo\XC3A9\",LAB131269,2823-3,,61,mmol/L,2026-03-15 10:05
2026-03-15,RVW,765185,V86454033,"Patel, Chlo\XC3A9\",LAB131269,6690-2,,39,10*3/uL,2026-03-15 10:17
2026-03-15,RVW,986427,V67933928,"Patel, Priya",LAB131279,2345-7,,103,mg/dL,2026-03-15 14:07
2026-03-15,RVW,986427,V67933928,"Patel, Priya",LAB131279,718-7,,80,g/dL,2026-03-15 14:07
2026-03-15,RVW,986427,V67933928,"Patel, Priya",LAB131279,8310-5,,402,Cel,2026-03-15 14:07
